"player_name","player_id","year","xwoba","xba","xslg","xiso","xobp","brl","brl_percent","exit_velocity","max_ev","hard_hit_percent","k_percent","bb_percent","whiff_percent","chase_percent","arm_strength","xera","fb_velocity","fb_spin","curve_spin"
"Lucchesi, Joey","664192","2023",,,,,,,,,52,,,,,,,,7,35,7
"Edwards Jr., Carl","605218","2023",,,,,,,,,28,,,,,,,,43,99,14
"Long, Sam","669674","2023",,,,,,,,,52,,,,,,,,49,58,63
"Patiño, Luis","672715","2023",,,,,,,,,58,,,,,,,,63,41,
"Tarnok, Freddy","676206","2023",,,,,,,,,79,,,,,,,,71,94,
"Wantz, Andrew","681806","2023",,,,,,,,,68,,,,,,,,49,89,
"Garcia, Luis","677651","2023",,,,,,,,,23,,,,,,,,29,87,
"McGough, Scott","543518","2023",44,58,40,36,46,46,13,4,37,1,84,26,87,81,,44,41,75,
"Castillo, Diego","650895","2023",,,,,,,,,84,,,,,,,,41,1,
"Contreras, Roansy","672710","2023",11,11,20,35,8,49,39,12,55,10,16,20,54,50,,11,54,79,69
"Richardson, Lyon","680689","2023",,,,,,,,,69,,,,,,,,86,60,
"Dubin, Shawn","681869","2023",,,,,,,,,55,,,,,,,,71,75,
"Cruz, Fernando","518585","2023",80,92,73,46,81,60,19,47,31,35,99,26,94,76,,80,54,48,
"Sandoval, Patrick","663776","2023",29,27,52,71,12,22,65,78,13,77,25,14,62,53,,29,34,2,81
"Assad, Javier","665871","2023",30,28,38,55,29,28,29,78,35,36,33,38,11,4,,30,30,3,27
"Sandlin, Nick","680704","2023",57,82,45,21,70,60,16,89,42,43,80,26,87,48,,57,22,56,
"VerHagen, Drew","572403","2023",57,78,67,51,45,62,46,70,26,68,41,31,80,42,,57,34,65,
"Rosenberg, Kenny","670046","2023",,,,,,,,,35,,,,,,,,10,34,
"Kikuchi, Yusei","579328","2023",46,42,30,26,66,9,29,12,14,24,69,73,64,61,,46,68,76,59
"Lambert, Jimmy","669424","2023",,,,,,,,,3,,,,,,,,49,56,72
"Garrett, Amir","607237","2023",,,,,,,,,74,,,,,,,,64,41,
"Poche, Colin","621363","2023",98,96,96,91,94,83,83,84,32,93,60,29,71,78,,98,26,55,
"Alcantara, Sandy","645261","2023",44,23,40,60,50,12,65,55,8,39,26,80,44,97,,44,95,67,47
"Tepera, Ryan","572193","2023",,,,,,,,,41,,,,,,,,19,63,
"McAllister, Zach","502083","2023",,,,,,,,,88,,,,,,,,16,55,
"Weiss, Zack","592848","2023",,,,,,,,,79,,,,,,,,52,91,
"Thompson, Zack","668868","2023",32,28,35,50,32,65,68,17,33,19,62,45,33,24,,32,43,1,89
"Holton, Tyler","663947","2023",78,58,61,63,86,56,68,93,20,88,44,88,56,81,,78,15,26,
"Ginkel, Kevin","656464","2023",91,94,88,76,89,68,58,72,33,63,79,34,84,54,,91,76,83,
"Lauer, Eric","641778","2023",1,1,1,1,2,44,1,1,57,8,30,12,20,14,,1,10,36,29
"Sweet, Devin","682967","2023",,,,,,,,,84,,,,,,,,31,33,
"Sanmartin, Reiver","665665","2023",,,,,,,,,72,,,,,,,,6,38,
"Ferguson, Caleb","657571","2023",63,41,88,98,26,97,97,41,37,50,69,47,49,46,,63,80,69,
"Beeks, Jalen","656222","2023",,,,,,,,,23,,,,,,,,54,12,
"Anderson, Tyler","542881","2023",21,28,30,36,18,14,43,87,6,90,19,23,63,59,,21,7,46,
"Brebbia, John","605154","2023",,,,,,,,,65,,,,,,,,58,79,
"Barlow, Scott","605130","2023",67,61,85,91,26,87,92,96,48,96,74,12,84,74,,67,33,76,66
"Means, John","607644","2023",,,,,,,,,70,,,,,,,,16,87,
"Garrett, Braxton","666129","2023",33,12,26,43,47,14,51,18,3,8,51,97,44,76,,33,9,19,10
"Moreta, Dauri","664294","2023",94,98,88,67,93,74,46,89,27,87,95,26,92,6,,94,71,72,
"Manning, Matt","666159","2023",12,21,6,2,40,33,9,7,1,17,6,77,5,2,,12,40,24,19
"Junk, Janson","676083","2023",,,,,,,,,63,,,,,,,,26,58,
"Schreiber, John","670167","2023",53,75,75,71,25,87,73,41,75,47,71,7,38,17,,53,31,44,
"McClanahan, Shane","663556","2023",53,53,44,43,61,25,20,30,18,25,68,45,92,84,,53,90,53,59
"Miller, Mason","695243","2023",,,,,,,,,35,,,,,,,,96,83,
"Duran, Jhoan","661395","2023",99,98,98,91,90,79,65,43,18,58,96,29,95,67,,99,100,16,78
"Rogers, Taylor","573124","2023",76,88,79,66,57,68,22,30,70,8,89,11,56,35,,76,43,20,
"McHugh, Collin","543521","2023",17,5,31,71,7,68,78,58,44,74,13,53,47,37,,17,,,
"Junis, Jakob","596001","2023",67,53,52,51,77,44,43,61,23,75,73,87,60,81,,67,44,36,
"Gray, Sonny","543243","2023",69,49,73,81,64,16,68,47,18,49,56,67,49,44,,69,31,96,71
"Clase, Emmanuel","661403","2023",91,62,78,83,92,74,88,64,68,60,33,90,61,74,,91,,,
"Covey, Dylan","592229","2023",,,,,,,,,27,,,,,,,,70,13,
"Urías, Julio","628711","2023",49,42,26,20,78,27,34,84,32,80,56,93,36,80,,49,29,92,
"Stripling, Ross","548389","2023",9,5,4,8,39,25,16,37,1,35,16,98,32,17,,9,18,22,32
"Weissert, Greg","669711","2023",,,,,,,,,58,,,,,,,,52,26,
"Akin, Keegan","669211","2023",,,,,,,,,72,,,,,,,,43,70,
"Sears, JP","676664","2023",28,45,20,12,48,1,7,58,39,55,38,68,40,58,,28,34,24,
"Wesneski, Hayden","669713","2023",17,24,13,10,29,20,1,57,39,57,38,49,25,26,,17,44,16,
"Coonrod, Sam","656322","2023",,,,,,,,,91,,,,,,,,75,17,
"Mlodzinski, Carmen","669387","2023",,,,,,,,,20,,,,,,,,79,41,
"Waldichuk, Ken","686610","2023",28,52,35,34,24,19,53,65,33,54,32,15,43,34,,28,38,67,5
"Nelson, Kyle","669459","2023",69,65,40,30,89,60,23,34,7,46,81,85,83,96,,69,19,46,
"Bleier, Richard","542947","2023",,,,,,,,,28,,,,,,,,1,5,
"Paxton, James","572020","2023",65,69,58,47,75,35,27,41,33,44,58,57,62,56,,65,71,42,1
"Bazardo, Eduard","660825","2023",,,,,,,,,92,,,,,,,,56,12,
"France, J.P.","641585","2023",20,19,18,21,36,16,46,34,1,52,13,55,19,6,,20,33,90,59
"Mejía, J.C.","650496","2023",,,,,,,,,44,,,,,,,,79,16,
"Henry, Tommy","674072","2023",42,44,43,47,42,42,54,73,8,89,11,37,22,74,,42,10,26,27
"Ortiz, Luis","682847","2023",1,2,2,3,1,27,19,1,16,1,4,9,25,19,,1,83,53,
"Taylor, Josh","657031","2023",,,,,,,,,58,,,,,,,,30,40,
"Pérez, Francisco","660906","2023",,,,,,,,,89,,,,,,,,19,5,
"Hill, Garrett","682051","2023",,,,,,,,,23,,,,,,,,44,36,
"Muckenhirn, Zach","669105","2023",,,,,,,,,13,,,,,,,,13,14,
"Bachman, Sam","696147","2023",,,,,,,,,71,,,,,,,,91,41,
"Kowar, Jackson","663804","2023",,,,,,,,,17,,,,,,,,91,6,
"Marte, José","665896","2023",,,,,,,,,4,,,,,,,,70,54,
"Zastryzny, Rob","642239","2023",,,,,,,,,72,,,,,,,,33,92,
"Hernández, Carlos","672578","2023",28,37,29,28,28,46,20,18,59,12,66,20,79,65,,28,99,91,34
"Steele, Justin","657006","2023",78,39,74,86,75,32,85,75,52,67,58,93,34,82,,78,18,86,
"Elder, Bryce","693821","2023",35,25,42,63,28,20,81,26,9,37,13,46,31,45,,35,6,5,
"Overton, Connor","656818","2023",,,,,,,,,85,,,,,,,,11,10,
"Chavez, Jesse","445926","2023",,,,,,,,,81,,,,,,,,11,7,
"Ray, Robbie","592662","2023",,,,,,,,,47,,,,,,,,31,60,
"Fried, Max","608331","2023",97,80,92,95,98,87,95,91,28,88,67,87,60,50,,97,48,40,85
"Buttó, José","676130","2023",,,,,,,,,14,,,,,,,,44,81,
"Varland, Gus","681402","2023",,,,,,,,,66,,,,,,,,78,57,
"Selby, Colin","681882","2023",,,,,,,,,63,,,,,,,,89,49,68
"Littell, Zack","641793","2023",47,14,28,43,70,36,41,34,62,29,23,100,13,79,,47,47,13,
"Brito, Jhony","666745","2023",35,39,29,25,51,36,29,58,44,64,22,64,16,59,,35,83,20,9
"Bush, Matt","456713","2023",,,,,,,,,37,,,,,,,,56,88,48
"Nicolas, Kyle","693312","2023",,,,,,,,,87,,,,,,,,90,87,
"Chapman, Aroldis","547973","2023",96,99,99,92,76,79,27,91,56,87,100,2,100,5,,96,99,88,
"Finnegan, Kyle","640448","2023",30,23,27,34,37,52,37,1,1,4,38,50,40,9,,30,93,9,
"Fulmer, Carson","608334","2023",,,,,,,,,76,,,,,,,,30,31,
"Thompson, Mason","666168","2023",33,30,57,75,20,83,86,91,59,72,16,37,15,14,,33,60,54,37
"Barlow, Joe","669618","2023",,,,,,,,,77,,,,,,,,38,86,
"Montero, Rafael","606160","2023",35,47,35,36,39,52,29,73,3,31,74,31,77,63,,35,83,73,
"Sousa, Bennett","656986","2023",,,,,,,,,86,,,,,,,,58,29,
"Snell, Blake","605483","2023",65,88,81,71,46,25,60,84,37,83,94,4,98,38,,65,76,90,37
"Luzardo, Jesús","666200","2023",59,65,40,31,75,5,24,37,7,44,82,65,85,77,,59,90,51,
"Kopech, Michael","656629","2023",7,56,20,8,3,5,1,17,5,24,43,1,57,9,,7,71,96,36
"Rutledge, Jackson","671131","2023",,,,,,,,,1,,,,,,,,78,78,
"Moll, Sam","594580","2023",95,92,98,99,55,99,99,77,28,74,65,15,24,21,,95,44,93,
"Gallen, Zac","668678","2023",49,35,30,33,72,2,27,3,17,5,71,88,53,65,,49,41,67,47
"Kay, Anthony","641743","2023",,,,,,,,,65,,,,,,,,60,94,
"Boxberger, Brad","502202","2023",,,,,,,,,70,,,,,,,,13,78,
"Palencia, Daniel","694037","2023",,,,,,,,,39,,,,,,,,97,78,
"Silseth, Chase","681217","2023",44,65,59,53,34,62,16,57,41,25,64,11,63,23,,44,64,84,
"Neris, Héctor","593576","2023",84,95,89,77,74,65,46,91,31,98,83,12,80,79,,84,33,87,
"Kelly, Zack","677161","2023",,,,,,,,,65,,,,,,,,58,29,
"Verlander, Justin","434378","2023",74,70,59,49,82,12,43,23,1,35,36,76,24,73,,74,54,90,79
"Hatch, Thomas","641672","2023",,,,,,,,,42,,,,,,,,64,93,
"Avila, Pedro","658648","2023",55,58,83,89,18,95,92,61,50,29,58,12,70,38,,55,47,56,75
"Loáisiga, Jonathan","642528","2023",,,,,,,,,39,,,,,,,,95,72,
"Borucki, Ryan","621366","2023",,,,,,,,,51,,,,,,,,49,66,
"Englert, Mason","669438","2023",2,1,2,5,6,46,20,4,65,11,9,76,31,32,,2,13,32,
"Bautista, Félix","642585","2023",100,100,100,94,100,87,46,58,61,81,100,17,100,87,,100,99,89,
"Crochet, Garrett","676979","2023",,,,,,,,,48,,,,,,,,86,82,
"Bernardino, Brennan","657514","2023",53,49,69,75,37,83,73,49,52,87,75,50,39,1,,53,10,15,68
"Suarez, Robert","663158","2023",,,,,,,,,64,,,,,,,,94,76,
"Vest, Will","676684","2023",,,,,,,,,53,,,,,,,,71,23,
"Ottavino, Adam","493603","2023",75,85,90,87,40,95,95,58,37,39,53,15,49,23,,75,27,60,
"Cruz, Steven","674444","2023",,,,,,,,,73,,,,,,,,94,33,
"Mears, Nick","683232","2023",,,,,,,,,83,,,,,,,,80,37,43
"Mikolas, Miles","571945","2023",10,5,5,8,36,1,20,15,6,22,7,96,1,32,,10,33,51,52
"Garrett, Reed","657585","2023",,,,,,,,,16,,,,,,,,86,63,
"Latz, Jacob","656641","2023",,,,,,,,,93,,,,,,,,58,49,
"Watkins, Spenser","657093","2023",,,,,,,,,94,,,,,,,,8,13,
"Holmes, Clay","605280","2023",95,87,97,99,82,99,99,37,44,22,77,44,50,8,,95,85,25,
"Hunter, Tommy","488984","2023",,,,,,,,,57,,,,,,,,21,83,79
"Suárez, Ranger","624133","2023",41,25,49,67,35,28,58,75,12,71,39,42,28,61,,41,33,1,11
"Foley, Jason","671345","2023",68,24,66,85,64,83,92,67,26,27,26,89,3,88,,68,92,6,
"Bellatti, Andrew","571479","2023",,,,,,,,,1,,,,,,,,52,97,
"Hall, DL","669084","2023",,,,,,,,,59,,,,,,,,78,43,
"De Jong, Chase","608328","2023",,,,,,,,,75,,,,,,,,21,82,
"Yarbrough, Ryan","642232","2023",41,17,29,42,60,46,73,97,18,96,14,99,26,93,,41,1,1,
"Liberatore, Matthew","669461","2023",5,6,9,16,4,52,37,20,25,22,10,38,5,6,,5,53,21,93
"Erceg, Lucas","668674","2023",69,89,95,94,20,83,75,94,59,85,77,3,67,5,,69,96,2,
"Mahle, Tyler","641816","2023",,,,,,,,,77,,,,,,,,27,80,
"Castro, Miguel","612434","2023",62,64,64,63,51,74,80,93,64,97,41,35,57,65,,62,90,28,
"Irvin, Jake","663623","2023",18,30,23,23,16,13,15,15,44,46,17,23,3,3,,18,53,70,38
"Williams, Devin","642207","2023",98,99,98,86,93,87,65,94,47,96,99,8,99,86,,98,53,73,
"Bido, Osvaldo","674370","2023",26,11,66,89,4,92,92,80,44,63,29,42,25,29,,26,63,68,
"Garcia, Rico","670329","2023",,,,,,,,,42,,,,,,,,71,84,41
"Rodríguez, Joely","570257","2023",,,,,,,,,64,,,,,,,,13,2,
"Germán, Domingo","593334","2023",43,58,34,26,60,28,22,65,39,34,67,61,78,92,,43,24,95,75
"Jansen, Kenley","445276","2023",,,,,,,,,41,,,,,,,,71,71,
"Payamps, Joel","606303","2023",88,71,84,86,82,83,91,75,64,84,75,85,57,14,,88,73,87,
"Bird, Jake","656234","2023",32,24,47,67,35,40,46,30,44,18,29,70,13,3,,32,56,5,92
"Coleman, Dylan","669395","2023",,,,,,,,,59,,,,,,,,71,89,
"Nardi, Andrew","677053","2023",97,96,96,88,93,83,75,99,36,98,92,42,68,84,,97,60,63,
"Gonsolin, Tony","664062","2023",5,14,4,1,14,16,5,18,5,30,19,37,14,70,,5,25,45,64
"Abreu, Bryan","650556","2023",87,95,86,70,80,60,20,26,2,82,98,18,99,28,,87,94,85,
"Glasnow, Tyler","607192","2023",76,81,57,33,91,19,4,15,28,11,97,62,95,67,,76,88,96,82
"Wilson, Steven","621051","2023",83,99,83,49,77,74,41,84,61,85,71,7,56,2,,83,56,84,
"Suarez, José","660761","2023",,,,,,,,,51,,,,,,,,21,58,
"Cano, Yennier","666974","2023",86,45,78,88,80,74,85,64,18,57,46,96,46,85,,86,87,22,
"Kerr, Ray","678061","2023",,,,,,,,,48,,,,,,,,83,53,1
"Stephens, Jackson","623451","2023",,,,,,,,,85,,,,,,,,33,3,
"Bradley, Archie","605151","2023",,,,,,,,,36,,,,,,,,30,20,
"Brogdon, Connor","641401","2023",,,,,,,,,46,,,,,,,,63,58,
"Kilian, Caleb","668873","2023",,,,,,,,,76,,,,,,,,48,10,
"Adam, Jason","592094","2023",43,80,50,26,45,60,1,84,41,46,93,40,94,50,,43,60,100,
"Pérez, Eury","691587","2023",74,88,53,23,90,35,11,28,25,41,85,50,93,75,,74,94,100,41
"Iglesias, Raisel","628452","2023",89,76,71,62,96,79,71,55,67,59,88,78,89,99,,89,68,70,
"Gilbert, Tyler","656457","2023",,,,,,,,,5,,,,,,,,25,16,
"Cecconi, Slade","677944","2023",,,,,,,,,74,,,,,,,,52,67,
"Battenfield, Peyton","685410","2023",,,,,,,,,52,,,,,,,,10,81,56
"García, Yimi","554340","2023",78,60,75,81,76,68,73,87,30,77,81,90,85,63,,78,80,93,88
"Muller, Kyle","666205","2023",1,1,1,3,1,25,9,1,8,1,4,21,14,7,,1,41,87,29
"Sims, Lucas","608371","2023",64,99,89,58,29,68,34,78,67,91,81,2,91,35,,64,53,100,98
"Vodnik, Victor","680767","2023",,,,,,,,,67,,,,,,,,92,21,
"Karinchak, James","675916","2023",,,,,,,,,59,,,,,,,,64,57,26
"Staumont, Josh","622251","2023",,,,,,,,,89,,,,,,,,80,53,78
"Hand, Brad","543272","2023",37,31,56,74,16,74,61,55,68,62,61,35,22,40,,37,27,62,
"Rucinski, Drew","607968","2023",,,,,,,,,71,,,,,,,,4,8,
"Vargas, Carlos","672841","2023",,,,,,,,,82,,,,,,,,99,40,
"Curry, Xzavion","675540","2023",19,12,13,18,34,38,58,1,1,8,10,65,11,8,,19,26,17,49
"Pallante, Andre","669467","2023",51,28,80,95,23,87,96,49,33,32,2,28,4,2,,51,85,50,94
"Burke, Brock","656271","2023",47,16,21,30,70,56,36,30,23,43,32,99,21,69,,47,60,50,
"Floro, Dylan","571670","2023",82,32,85,97,51,97,98,85,30,63,49,73,34,65,,82,26,24,
"Leone, Dominic","608678","2023",16,45,15,6,18,49,2,30,18,13,46,10,93,85,,16,78,68,
"Cosgrove, Tom","676680","2023",98,97,99,99,85,97,95,100,59,100,36,35,41,5,,98,15,56,
"Rodriguez, Grayson","680570","2023",47,33,45,58,47,35,61,28,11,18,61,53,51,62,,47,94,61,70
"Bubic, Kris","663460","2023",,,,,,,,,50,,,,,,,,16,34,
"Smith, Chad","663385","2023",,,,,,,,,35,,,,,,,,67,28,
"Hollowell, Gavin","668970","2023",,,,,,,,,62,,,,,,,,44,96,
"Cortes, Nestor","641482","2023",69,80,56,33,84,65,60,34,46,33,64,64,36,17,,69,16,62,
"Chargois, JT","608638","2023",,,,,,,,,44,,,,,,,,86,61,
"Smith, Will","519293","2023",84,69,70,65,82,68,51,67,4,56,56,64,70,93,,84,25,41,4
"Romero, JoJo","668941","2023",,,,,,,,,79,,,,,,,,64,25,
"Crismatt, Nabil","622503","2023",,,,,,,,,74,,,,,,,,3,37,22
"Marinaccio, Ron","676760","2023",41,92,73,43,23,65,5,58,23,65,77,4,65,74,,41,47,61,
"Cessa, Luis","570666","2023",,,,,,,,,1,,,,,,,,18,40,
"Senzatela, Antonio","622608","2023",,,,,,,,,18,,,,,,,,49,16,
"Ortiz, Luis","656814","2023",,,,,,,,,58,,,,,,,,60,5,
"Criswell, Cooper","681867","2023",,,,,,,,,41,,,,,,,,2,10,
"Snider, Collin","676092","2023",,,,,,,,,72,,,,,,,,76,95,
"Garza, Justin","621057","2023",,,,,,,,,32,,,,,,,,58,43,
"Smith-Shawver, AJ","700363","2023",,,,,,,,,3,,,,,,,,58,39,20
"Estes, Joey","683155","2023",,,,,,,,,46,,,,,,,,34,72,
"Lyles, Jordan","543475","2023",21,23,11,7,55,1,20,49,9,75,8,83,8,44,,21,12,45,42
"Murphy, Chris","669684","2023",72,61,75,80,68,79,68,85,32,87,48,57,25,22,,72,48,63,56
"Scherzer, Max","453286","2023",84,89,66,35,97,18,37,61,44,64,81,68,68,69,,84,44,81,80
"Miller, Shelby","571946","2023",,,,,,,,,18,,,,,,,,41,68,
"Mayers, Mike","594577","2023",,,,,,,,,13,,,,,,,,27,50,
"Frías, Luis","666818","2023",,,,,,,,,18,,,,,,,,85,54,
"Zerpa, Angel","672582","2023",,,,,,,,,23,,,,,,,,58,7,
"Kirby, George","669923","2023",61,25,34,47,85,9,58,43,6,38,43,100,27,88,,61,85,45,30
"Machado, Andrés","600921","2023",9,7,3,3,29,52,6,75,31,47,32,80,34,83,,9,87,20,
"Willingham, Amos","686294","2023",,,,,,,,,11,,,,,,,,80,52,
"Daniel, Davis","669721","2023",,,,,,,,,84,,,,,,,,40,33,
"Martinez, Seth","661527","2023",,,,,,,,,57,,,,,,,,10,24,
"Ort, Kaleb","672391","2023",,,,,,,,,71,,,,,,,,80,67,
"Uribe, Abner","682842","2023",,,,,,,,,66,,,,,,,,99,35,
"Díaz, Alexis","664747","2023",80,95,96,91,40,79,75,28,73,32,90,6,95,37,,80,58,98,
"Stone, Gavin","694813","2023",,,,,,,,,50,,,,,,,,53,19,
"Pérez, Cionel","672335","2023",62,49,85,94,20,97,98,43,2,29,14,18,7,34,,62,89,37,85
"Leclerc, José","600917","2023",89,98,87,65,79,74,46,94,32,89,85,9,96,79,,89,70,97,
"Gallegos, Giovanny","606149","2023",49,39,22,16,80,56,18,12,56,5,68,92,97,98,,49,44,76,
"Lugo, Seth","607625","2023",40,27,24,26,63,10,23,10,16,15,49,83,19,16,,40,38,66,99
"Newcomb, Sean","656794","2023",,,,,,,,,73,,,,,,,,38,63,
"Williamson, Brandon","682227","2023",26,23,23,28,40,27,43,20,44,36,27,58,21,11,,26,30,28,74
"Allen, Logan","671106","2023",37,31,37,50,40,28,54,53,10,50,40,42,34,44,,37,15,28,
"Miller, Tyson","668338","2023",,,,,,,,,75,,,,,,,,12,44,
"Cousins, Jake","664776","2023",,,,,,,,,80,,,,,,,,63,71,
"Kelley, Trevor","665001","2023",,,,,,,,,83,,,,,,,,4,31,
"Keuchel, Dallas","572971","2023",,,,,,,,,21,,,,,,,,1,4,
"Lively, Ben","594902","2023",20,17,13,15,43,38,41,47,25,70,31,78,10,8,,20,12,3,3
"Strider, Spencer","675911","2023",91,90,83,73,94,18,43,61,42,71,99,62,98,95,,91,92,81,
"Ward, Thaddeus","663658","2023",,,,,,,,,48,,,,,,,,36,20,
"Smith, Drew","622098","2023",40,74,56,38,29,56,11,37,14,47,58,10,47,19,,40,68,97,77
"Sewald, Paul","623149","2023",96,96,94,84,96,87,83,94,61,95,95,32,72,46,,96,22,97,
"Feltner, Ryan","663372","2023",,,,,,,,,57,,,,,,,,60,62,64
"Doyle, Tommy","656382","2023",,,,,,,,,20,,,,,,,,49,10,
"De León, José","592254","2023",,,,,,,,,56,,,,,,,,47,38,
"Weaver, Luke","596133","2023",8,7,6,9,20,11,20,41,8,27,22,70,15,11,,8,49,86,17
"Rodón, Carlos","607074","2023",12,35,12,5,23,38,1,2,51,30,41,29,51,71,,12,73,77,55
"Oller, Adam","670124","2023",,,,,,,,,39,,,,,,,,44,42,
"Legumina, Casey","668984","2023",,,,,,,,,48,,,,,,,,54,76,
"Morton, Charlie","450203","2023",30,44,52,60,14,18,51,53,23,50,66,11,88,42,,30,64,63,98
"Ashcraft, Graham","668933","2023",21,14,32,56,16,22,68,64,36,51,14,50,22,29,,21,89,76,
"Solomon, Peter","656981","2023",,,,,,,,,61,,,,,,,,36,51,
"Tapia, Domingo","593619","2023",,,,,,,,,41,,,,,,,,92,46,
"Houser, Adrian","605288","2023",47,25,40,60,51,35,63,12,53,5,27,70,5,20,,47,26,17,3
"Pivetta, Nick","601713","2023",56,76,36,19,75,10,2,12,48,17,93,47,74,89,,56,60,78,87
"Murfee, Penn","682171","2023",,,,,,,,,86,,,,,,,,1,45,
"Greene, Hunter","668881","2023",63,81,62,40,66,33,29,20,33,16,91,32,81,58,,63,96,76,
"Herget, Jimmy","623474","2023",,,,,,,,,56,,,,,,,,18,71,91
"De Jesus, Enmanuel","646241","2023",,,,,,,,,21,,,,,,,,43,47,
"Raley, Brooks","548384","2023",82,85,91,88,50,92,90,95,36,96,68,20,72,43,,82,7,86,
"Shuster, Jared","694363","2023",12,17,26,36,9,68,68,39,31,52,1,14,15,6,,12,15,22,
"Musgrove, Joe","605397","2023",90,72,84,85,87,62,87,80,41,84,56,90,47,99,,90,33,98,85
"Ragans, Cole","666142","2023",84,84,89,85,70,60,75,75,20,64,85,21,83,44,,84,89,95,49
"Plassmeyer, Michael","674681","2023",,,,,,,,,80,,,,,,,,3,87,
"Reid-Foley, Sean","656887","2023",,,,,,,,,44,,,,,,,,85,62,
"Cueto, Johnny","456501","2023",17,33,8,1,50,52,12,67,26,67,15,73,6,91,,17,22,35,
"Lynch IV, Daniel","663738","2023",21,17,16,19,42,65,54,67,57,91,5,68,39,54,,21,27,27,12
"Bradley, Taj","671737","2023",40,53,27,17,61,22,11,5,23,5,81,47,42,28,,40,85,66,39
"Houck, Tanner","656557","2023",49,49,56,60,45,42,73,18,58,17,34,42,69,56,,49,41,27,
"Flexen, Chris","623167","2023",3,3,4,8,7,19,25,39,21,34,7,53,22,30,,3,18,18,
"Davis, Noah","663562","2023",,,,,,,,,82,,,,,,,,41,32,
"Bieber, Shane","669456","2023",23,8,22,43,29,25,51,2,4,3,28,80,37,50,,23,13,53,19
"Cabrera, Edward","665795","2023",65,94,89,77,35,52,68,78,17,75,77,1,83,71,,65,86,64,65
"Pfaadt, Brandon","694297","2023",37,37,17,12,68,16,3,20,23,16,40,82,42,53,,37,41,92,49
"López, Jorge","605347","2023",12,8,21,43,4,68,75,7,42,7,16,50,29,47,,12,90,7,51
"Herrin, Tim","682120","2023",,,,,,,,,76,,,,,,,,89,83,46
"Alexander, Tyler","641302","2023",,,,,,,,,26,,,,,,,,7,65,
"Morgan, Eli","669212","2023",56,49,50,50,63,49,29,94,32,90,62,57,65,94,,56,26,62,
"Quintana, Jose","500779","2023",30,11,32,62,32,68,87,70,27,88,18,64,15,67,,30,8,14,20
"Scholtens, Jesse","669947","2023",23,14,22,31,29,38,49,41,46,60,5,57,11,19,,23,30,11,14
"Jax, Griffin","643377","2023",95,82,93,94,87,95,97,88,74,85,60,73,55,78,,95,89,84,
"Adon, Joan","672851","2023",8,11,10,13,8,46,5,6,42,2,27,26,18,50,,8,58,44,40
"Miley, Wade","489119","2023",44,37,37,47,51,28,54,83,48,93,8,60,6,23,,44,9,30,
"Woodford, Jake","663765","2023",1,2,2,4,2,46,6,1,3,1,1,28,1,1,,1,21,11,40
"Rogers, Tyler","643511","2023",96,76,94,96,92,97,100,99,25,98,22,83,23,54,,96,1,1,
"Brieske, Beau","689225","2023",,,,,,,,,62,,,,,,,,88,91,
"Stratton, Hunter","676702","2023",,,,,,,,,42,,,,,,,,80,99,
"Pruitt, Austin","643493","2023",,,,,,,,,35,,,,,,,,16,74,90
"Kennedy, Brett","664028","2023",,,,,,,,,70,,,,,,,,29,17,
"Hernández, Jonathan","642546","2023",,,,,,,,,10,,,,,,,,94,30,
"Young, Alex","622065","2023",51,44,53,60,51,79,80,18,35,15,33,47,78,99,,51,9,81,31
"Pearson, Nate","663878","2023",,,,,,,,,21,,,,,,,,95,69,64
"Davidson, Tucker","656353","2023",15,4,23,57,8,68,63,61,12,81,23,55,33,56,,15,13,2,
"Lamet, Dinelson","659275","2023",,,,,,,,,62,,,,,,,,67,91,
"Weber, Ryan","543901","2023",,,,,,,,,46,,,,,,,,2,10,
"Stoudt, Levi","686651","2023",,,,,,,,,12,,,,,,,,56,20,
"deGrom, Jacob","594798","2023",,,,,,,,,81,,,,,,,,98,98,
"Llovera, Mauricio","661440","2023",,,,,,,,,33,,,,,,,,58,14,
"Swanson, Erik","657024","2023",91,92,77,53,98,79,81,43,13,41,84,57,89,90,,91,44,59,
"Woo, Bryan","693433","2023",80,77,81,77,70,60,77,82,6,83,62,49,65,38,,80,70,34,
"Bracho, Silvino","611093","2023",,,,,,,,,98,,,,,,,,19,52,
"Garcia, Robert","676395","2023",,,,,,,,,30,,,,,,,,54,46,
"Merryweather, Julian","657240","2023",69,84,82,75,56,68,63,28,39,40,96,10,95,65,,69,96,76,
"Hendriks, Liam","521230","2023",,,,,,,,,85,,,,,,,,75,82,
"Topa, Justin","623437","2023",92,65,91,96,78,95,97,80,61,67,38,78,7,24,,92,68,17,
"Sands, Cole","663485","2023",,,,,,,,,14,,,,,,,,43,73,94
"Cuas, Jose","621016","2023",12,33,25,23,6,42,3,26,21,35,56,9,75,32,,12,27,93,
"Megill, Trevor","656730","2023",,,,,,,,,62,,,,,,,,99,98,89
"Kluber, Corey","446372","2023",2,14,1,1,18,38,1,49,18,40,9,53,12,69,,2,2,44,61
"Barria, Jaime","642545","2023",12,9,7,9,18,28,13,78,11,82,12,50,27,20,,12,31,55,
"Vasquez, Andrew","607755","2023",59,74,81,80,32,87,84,96,73,94,25,21,2,26,,59,4,42,
"Phillips, Connor","683175","2023",,,,,,,,,74,,,,,,,,88,94,
"Strzelecki, Peter","657265","2023",,,,,,,,,42,,,,,,,,16,82,
"Jackson, Luke","592426","2023",,,,,,,,,77,,,,,,,,56,42,
"Blanco, Ronel","669854","2023",19,53,24,15,18,52,2,61,56,80,46,7,90,53,,19,58,60,
"Estévez, Carlos","608032","2023",53,62,65,66,27,74,73,15,36,13,80,17,62,26,,53,92,35,
"Megill, Tylor","656731","2023",5,9,11,20,5,14,29,28,11,23,17,23,30,6,,5,67,22,26
"Robertson, Nick","687798","2023",,,,,,,,,51,,,,,,,,73,25,
"Soto, Gregory","642397","2023",96,94,95,90,94,83,83,82,28,78,71,44,94,71,,96,96,79,
"Allard, Kolby","663465","2023",,,,,,,,,21,,,,,,,,9,9,
"Martinez, Adrián","661309","2023",15,11,23,38,12,52,19,58,13,60,23,58,28,22,,15,47,19,
"Brasier, Ryan","518489","2023",76,68,82,86,61,95,95,37,46,23,49,49,43,82,,76,80,65,
"Estrada, Jeremiah","669093","2023",,,,,,,,,72,,,,,,,,79,65,
"Syndergaard, Noah","592789","2023",2,2,1,1,12,18,7,57,10,26,2,94,3,16,,2,22,29,16
"Cimber, Adam","643256","2023",,,,,,,,,53,,,,,,,,1,22,
"Bednar, David","670280","2023",95,95,91,81,97,83,87,72,74,40,85,62,89,96,,95,89,93,45
"Doval, Camilo","666808","2023",94,91,95,93,70,87,88,53,7,35,92,35,92,58,,94,95,86,
"Thompson, Ryan","657044","2023",,,,,,,,,21,,,,,,,,9,8,
"Eflin, Zach","621107","2023",92,76,68,53,99,7,29,80,6,77,74,99,36,95,,92,25,20,55
"Otto Jr., Glenn","657248","2023",,,,,,,,,48,,,,,,,,44,75,
"Headrick, Brent","687396","2023",,,,,,,,,59,,,,,,,,16,67,
"Devenski, Chris","606965","2023",,,,,,,,,77,,,,,,,,49,57,
"Hearn, Taylor","621368","2023",,,,,,,,,52,,,,,,,,75,56,
"Heasley, Jonathan","669169","2023",,,,,,,,,63,,,,,,,,63,75,
"May, Trevor","543507","2023",33,47,62,70,4,87,81,72,14,71,23,3,31,13,,33,63,61,
"Whitlock, Garrett","676477","2023",30,14,17,21,61,40,16,23,30,23,51,98,67,85,,30,49,14,
"Teheran, Julio","527054","2023",25,20,16,16,57,40,19,28,18,26,13,96,10,26,,25,6,35,70
"Festa, Matt","670036","2023",,,,,,,,,59,,,,,,,,18,79,
"Carrasco, Carlos","471911","2023",2,1,2,9,3,19,11,3,3,2,6,38,39,40,,2,25,35,78
"Hudson, Dakota","641712","2023",4,5,9,17,4,36,33,12,8,7,1,32,8,9,,4,15,18,44
"Olson, Reese","681857","2023",27,33,18,14,51,22,9,8,17,22,57,60,61,63,,27,64,47,88
"Alvarado, José","621237","2023",,,,,,,,,46,,,,,,,,98,20,
"Burnes, Corbin","669203","2023",81,74,83,84,72,32,86,92,42,89,65,49,69,65,,81,73,96,87
"Ruiz, José","614179","2023",11,17,19,25,6,68,37,49,57,70,18,25,73,37,,11,87,43,7
"McKenzie, Triston","663474","2023",,,,,,,,,71,,,,,,,,25,57,15
"Johnson, Pierce","572955","2023",61,61,70,71,47,79,75,10,62,4,96,18,91,90,,61,83,70,96
"Acton, Garrett","670183","2023",,,,,,,,,84,,,,,,,,73,91,
"Lindgren, Jeff","689167","2023",,,,,,,,,86,,,,,,,,8,18,
"Lee, Dylan","669276","2023",,,,,,,,,74,,,,,,,,18,55,
"Kittredge, Andrew","552640","2023",,,,,,,,,87,,,,,,,,56,80,
"Woodruff, Brandon","605540","2023",95,89,88,82,99,74,71,49,10,32,87,85,67,65,,95,76,85,60
"Curtiss, John","595928","2023",,,,,,,,,12,,,,,,,,43,61,
"Anderson, Nick","623433","2023",,,,,,,,,59,,,,,,,,53,16,2
"Manaea, Sean","640455","2023",51,53,53,55,50,28,34,39,25,68,67,49,36,25,,51,43,9,
"Kuhl, Chad","641771","2023",,,,,,,,,25,,,,,,,,44,44,86
"Bickford, Phil","641360","2023",25,56,32,25,13,46,15,7,4,26,61,5,75,48,,25,44,79,
"Gonzales, Marco","594835","2023",15,5,26,58,11,74,73,30,27,65,6,49,8,81,,15,4,8,14
"Anderson, Grant","681982","2023",,,,,,,,,14,,,,,,,,31,46,
"Kinley, Tyler","641755","2023",,,,,,,,,77,,,,,,,,89,69,
"Law, Derek","571882","2023",26,20,57,79,9,87,91,87,58,88,18,18,59,49,,26,75,26,13
"Wittgren, Nick","621295","2023",,,,,,,,,74,,,,,,,,19,28,
"Ryan, Joe","657746","2023",76,75,49,27,96,13,34,23,5,32,88,92,56,88,,76,24,45,
"Scott, Tayler","605463","2023",,,,,,,,,65,,,,,,,,48,37,
"Morán, Jovani","663558","2023",,,,,,,,,53,,,,,,,,38,60,
"Seabold, Connor","657756","2023",17,14,12,14,29,22,18,43,33,40,9,73,14,6,,17,27,15,
"Smyly, Drew","592767","2023",51,53,52,51,51,22,61,78,1,84,43,42,59,81,,51,18,10,7
"Gore, MacKenzie","669022","2023",16,26,13,8,28,5,1,26,12,18,69,29,63,56,,16,68,65,26
"Hentges, Sam","656529","2023",50,21,63,84,40,87,85,2,11,1,62,55,61,21,,50,76,15,35
"Kennedy, Ian","453178","2023",,,,,,,,,69,,,,,,,,25,81,
"Williams, Gavin","668909","2023",47,49,65,75,27,68,85,72,39,53,50,20,63,22,,47,79,46,23
"Sánchez, Cristopher","650911","2023",68,47,44,46,89,38,43,55,28,42,55,98,53,97,,68,21,4,
"Diekman, Jake","518617","2023",82,93,98,97,32,92,88,99,66,99,74,1,53,4,,82,75,47,
"Wentz, Joey","666214","2023",8,12,6,4,16,11,5,26,8,33,26,32,46,13,,8,40,47,52
"Rea, Colin","607067","2023",40,35,30,32,54,28,53,15,13,20,34,65,34,30,,40,30,26,13
"Turnbull, Spencer","605513","2023",,,,,,,,,68,,,,,,,,33,84,
"Keller, Brad","641745","2023",7,65,63,60,1,83,71,43,71,68,4,1,26,1,,7,34,66,57
"Gomber, Austin","596295","2023",7,4,5,11,15,9,33,12,18,13,3,70,6,8,,7,9,32,58
"Gillaspie, Logan","670810","2023",,,,,,,,,53,,,,,,,,78,40,
"Barnes, Matt","598264","2023",,,,,,,,,51,,,,,,,,40,34,2
"Kelly, Michael","547184","2023",,,,,,,,,88,,,,,,,,67,38,
"Boyle, Joe","671212","2023",,,,,,,,,47,,,,,,,,95,89,
"Wood, Alex","622072","2023",29,31,42,55,20,52,83,43,4,61,12,29,16,13,,29,15,3,
"Springs, Jeffrey","605488","2023",,,,,,,,,75,,,,,,,,16,52,
"Falter, Bailey","663559","2023",21,9,15,23,44,36,29,34,1,47,12,87,4,54,,21,10,4,4
"Norris, Daniel","596057","2023",,,,,,,,,46,,,,,,,,3,73,
"Fairbanks, Pete","664126","2023",,,,,,,,,36,,,,,,,,98,94,
"Koch, Matt","571863","2023",,,,,,,,,31,,,,,,,,47,22,
"Blackburn, Paul","621112","2023",37,24,43,64,27,49,82,84,2,86,41,35,33,63,,37,18,13,61
"Winn, Keaton","676775","2023",,,,,,,,,53,,,,,,,,80,59,
"DeSclafani, Anthony","543101","2023",15,7,8,14,40,33,41,20,28,8,19,95,9,28,,15,34,32,5
"Banks, Tanner","621383","2023",37,35,22,19,58,52,27,17,67,63,27,80,40,3,,37,27,51,
"Hamilton, Ian","641656","2023",78,77,92,93,48,87,83,94,30,64,85,18,94,77,,78,83,52,
"Hoffman, Jeff","656546","2023",99,96,99,96,95,100,99,70,39,95,97,38,94,95,,99,92,99,
"Peralta, Wandy","593974","2023",32,60,73,77,7,79,63,88,58,81,43,4,75,86,,32,80,43,
"White, Brendan","686839","2023",,,,,,,,,59,,,,,,,,52,88,
"Morris, Cody","663752","2023",,,,,,,,,79,,,,,,,,71,91,
"Wingenter, Trey","622259","2023",,,,,,,,,68,,,,,,,,80,7,
"Dunning, Dane","641540","2023",37,25,40,58,37,12,58,55,6,42,22,62,22,38,,37,11,12,10
"Skubal, Tarik","669373","2023",100,94,97,95,100,87,94,61,62,41,96,96,85,91,,100,80,30,28
"Lawrence, Justin","664875","2023",68,76,87,87,37,74,85,37,70,51,53,17,36,10,,68,75,70,
"Berríos, José","621244","2023",35,26,28,33,47,4,36,67,26,73,50,77,46,71,,35,49,30,
"Okert, Steven","595345","2023",61,78,56,35,68,62,24,67,18,80,89,31,81,23,,61,47,52,
"Davies, Zach","605200","2023",10,8,20,39,6,42,49,30,28,24,21,23,20,7,,10,5,28,72
"Stewart, Brock","592779","2023",,,,,,,,,23,,,,,,,,92,99,
"Keller, Mitch","656605","2023",49,38,51,60,55,3,36,77,8,74,65,76,29,26,,49,60,83,67
"Peterson, David","656849","2023",21,23,32,47,15,35,46,23,28,12,71,23,73,56,,21,21,25,33
"Scott, Tanner","656945","2023",99,89,99,100,91,95,96,97,51,99,98,60,97,99,,99,90,99,
"Snead, Kirby","669912","2023",,,,,,,,,80,,,,,,,,30,82,
"Carlton, Drew","656290","2023",,,,,,,,,7,,,,,,,,18,11,
"Justice, Evan","687145","2023",,,,,,,,,21,,,,,,,,58,78,
"Barnes, Jacob","606930","2023",,,,,,,,,50,,,,,,,,64,79,
"Stanek, Ryne","592773","2023",56,76,50,28,67,79,63,20,65,13,53,28,81,30,,56,96,78,
"Wright, Kyle","657140","2023",,,,,,,,,39,,,,,,,,31,58,60
"Kershaw, Clayton","477132","2023",69,67,60,51,77,22,29,49,14,50,73,62,65,73,,69,10,73,24
"Leiter Jr., Mark","643410","2023",53,71,64,55,46,62,34,67,39,47,84,42,88,35,,53,13,3,24
"Hernandez, Jose E.","669796","2023",53,62,38,30,54,68,34,43,37,78,80,28,72,25,,53,60,12,
"Muñoz, Andrés","662253","2023",94,90,97,97,63,95,87,64,56,72,95,22,99,84,,94,98,43,
"Sherriff, Ryan","595411","2023",,,,,,,,,53,,,,,,,,3,6,
"Sale, Chris","519242","2023",72,86,64,37,86,40,39,73,16,80,88,75,75,92,,72,47,37,
"Brash, Matt","666374","2023",87,86,95,95,67,87,91,70,78,81,98,34,98,54,,87,96,60,96
"Mantiply, Joe","573009","2023",,,,,,,,,44,,,,,,,,6,35,46
"Hoeing, Bryan","663773","2023",15,17,10,7,29,42,25,12,18,15,13,53,19,30,,15,52,7,
"Alcala, Jorge","660896","2023",,,,,,,,,47,,,,,,,,76,75,
"Harrison, Kyle","690986","2023",,,,,,,,,53,,,,,,,,41,52,
"Gott, Trevor","641627","2023",78,53,79,87,61,87,92,67,42,68,53,67,29,17,,78,43,12,1
"Naile, James","664942","2023",,,,,,,,,64,,,,,,,,16,1,75
"Saalfrank, Andrew","685314","2023",,,,,,,,,82,,,,,,,,25,16,9
"Underwood Jr., Duane","621249","2023",,,,,,,,,68,,,,,,,,43,7,25
"Kremer, Dean","665152","2023",23,19,19,25,37,4,33,30,8,41,34,64,34,20,,23,47,46,84
"Heaney, Andrew","571760","2023",35,60,31,21,44,7,16,20,5,53,51,34,54,71,,35,26,87,
"Spiers, Carson","686730","2023",,,,,,,,,51,,,,,,,,34,53,
"Yates, Kirby","489446","2023",35,89,60,27,20,62,12,11,27,42,94,2,82,38,,35,43,71,
"Oviedo, Johan","670912","2023",30,42,50,56,18,11,54,58,10,42,29,20,47,10,,30,80,62,35
"Winans, Allan","642216","2023",,,,,,,,,86,,,,,,,,6,27,
"Mushinski, Parker","656786","2023",,,,,,,,,62,,,,,,,,34,86,75
"Marsh, Alec","679525","2023",5,28,7,2,5,44,23,30,42,30,61,12,74,47,,5,53,93,56
"Mayza, Tim","641835","2023",82,35,81,92,64,95,94,83,18,46,60,72,27,42,,82,40,11,
"Walker, Josh","677020","2023",,,,,,,,,84,,,,,,,,58,59,6
"Familia, Jeurys","544727","2023",,,,,,,,,83,,,,,,,,52,47,
"Loup, Aaron","571901","2023",42,26,35,51,32,62,37,73,35,62,23,45,11,85,,42,19,43,
"Reyes, Gerardo","622103","2023",,,,,,,,,66,,,,,,,,87,83,
"Fulmer, Michael","605242","2023",44,56,71,75,23,83,77,92,52,95,78,11,92,59,,44,56,85,
"Logue, Zach","656657","2023",,,,,,,,,66,,,,,,,,10,1,
"Manoah, Alek","666201","2023",3,21,15,15,1,36,29,37,20,10,20,3,18,16,,3,29,65,
"Ryu, Hyun Jin","547943","2023",62,41,59,70,68,65,54,75,39,65,11,80,13,65,,62,2,9,49
"Thielbar, Caleb","573204","2023",,,,,,,,,16,,,,,,,,34,64,52
"Grove, Michael","675627","2023",19,13,15,19,39,46,27,23,26,27,55,80,60,79,,19,63,48,57
"Winckowski, Josh","670174","2023",65,49,72,80,54,56,75,39,27,37,40,49,50,62,,65,86,13,
"Hudson, Bryan","663542","2023",,,,,,,,,84,,,,,,,,19,58,
"Kelly, Kevin","687330","2023",83,65,86,90,67,92,95,87,64,87,29,89,21,16,,83,9,30,
"Valdez, Framber","664285","2023",44,38,45,55,50,7,49,3,10,6,60,70,56,50,,44,73,37,90
"Gaddis, Hunter","683769","2023",,,,,,,,,44,,,,,,,,40,41,
"Neal, Zach","594943","2023",,,,,,,,,33,,,,,,,,4,44,
"Kuhnel, Joel","669270","2023",,,,,,,,,83,,,,,,,,56,37,
"Jackson, Andre","656578","2023",12,17,11,12,25,46,10,8,58,13,40,46,37,15,,12,67,60,16
"Singer, Brady","663903","2023",21,12,21,33,28,11,51,6,16,1,19,72,25,20,,21,21,63,
"Harris, Hobie","665048","2023",,,,,,,,,16,,,,,,,,52,23,
"Felipe, Angel","665734","2023",,,,,,,,,80,,,,,,,,68,19,
"Jackson, Jay","543351","2023",,,,,,,,,10,,,,,,,,38,55,
"Milone, Tommy","543548","2023",,,,,,,,,93,,,,,,,,1,52,
"Gibaut, Ian","664139","2023",71,61,74,79,51,65,81,89,72,92,37,44,46,83,,71,70,51,
"Lange, Alex","656638","2023",63,90,94,91,15,74,65,58,53,70,78,1,99,80,,63,80,38,18
"Bibee, Tanner","676440","2023",69,62,67,69,70,36,80,53,7,57,54,61,51,30,,69,67,68,81
"Velasquez, Vince","592826","2023",,,,,,,,,25,,,,,,,,36,94,
"Vesia, Alex","681911","2023",72,67,59,51,72,74,43,1,2,23,88,60,78,38,,72,56,81,
"Ureña, José","570632","2023",6,17,5,2,12,56,12,18,37,45,2,18,18,67,,6,71,39,
"Quijada, José","650671","2023",,,,,,,,,17,,,,,,,,56,42,
"Jacques, Joe","682175","2023",,,,,,,,,5,,,,,,,,13,4,
"Jackson, Zach","667427","2023",,,,,,,,,92,,,,,,,,34,23,
"Nelson, Ryne","669194","2023",15,20,8,5,43,2,4,8,25,22,6,65,9,11,,15,56,43,52
"Armstrong, Shawn","542888","2023",98,88,92,89,98,97,95,80,13,85,72,90,51,96,,98,60,63,
"Domínguez, Seranthony","622554","2023",30,45,55,62,20,68,46,96,52,94,34,29,64,49,,30,95,72,
"Harvey, Hunter","640451","2023",83,75,66,54,95,65,37,34,30,36,84,89,51,70,,83,96,14,5
"Shaw, Bryan","543766","2023",,,,,,,,,51,,,,,,,,48,15,12
"López, Pablo","641154","2023",93,81,85,82,96,20,77,85,30,78,87,83,78,95,,93,64,48,73
"Kauffmann, Karl","666154","2023",,,,,,,,,47,,,,,,,,8,31,
"Bolton, Cody","675989","2023",,,,,,,,,52,,,,,,,,71,80,
"Lopez, Jacob","682052","2023",,,,,,,,,85,,,,,,,,10,4,
"Lambert, Peter","663567","2023",10,21,4,1,35,25,7,8,32,6,19,64,15,13,,10,36,44,
"Flaherty, Jack","656427","2023",19,16,35,64,8,22,61,73,27,56,44,23,55,12,,19,33,66,54
"Castillo, Max","666721","2023",,,,,,,,,59,,,,,,,,40,38,
"Schmidt, Clarke","657376","2023",43,32,37,49,51,13,54,43,3,37,36,77,26,62,,43,41,98,95
"Robertson, David","502085","2023",87,90,82,71,80,79,80,41,68,61,86,35,84,47,,87,,,81
"Lovelady, Richard","663992","2023",,,,,,,,,71,,,,,,,,11,70,
"Wilson, Bryse","669060","2023",57,47,45,49,68,56,65,58,65,73,22,72,4,23,,57,38,19,50
"Middleton, Keynan","641871","2023",69,82,77,67,64,79,46,97,35,92,91,18,96,89,,69,76,85,
"Cox, Austin","680735","2023",,,,,,,,,55,,,,,,,,15,10,44
"Tonkin, Michael","543859","2023",60,56,47,42,72,49,49,28,16,44,48,70,40,58,,60,41,69,
"Peralta, Sammy","671111","2023",,,,,,,,,84,,,,,,,,6,21,
"Greinke, Zack","425844","2023",18,5,10,21,44,14,53,34,2,51,9,98,2,38,,18,6,50,39
"Herget, Kevin","643361","2023",,,,,,,,,48,,,,,,,,22,26,
"López, Reynaldo","625643","2023",57,81,65,45,48,60,25,70,41,55,90,8,79,50,,57,96,38,
"Toussaint, Touki","657053","2023",14,38,47,56,3,49,53,47,41,46,39,2,44,11,,14,36,45,43
"Ramsey, Lane","682010","2023",,,,,,,,,83,,,,,,,,58,90,
"Lodolo, Nick","666157","2023",,,,,,,,,39,,,,,,,,36,68,82
"Soriano, George","666277","2023",33,39,50,58,18,74,60,26,37,54,44,25,69,14,,33,60,23,
"De Los Santos, Enyel","660853","2023",51,60,61,63,43,62,43,57,23,85,51,33,61,35,,51,78,59,
"Crawford, Kutter","676710","2023",87,88,69,41,97,32,53,75,41,76,66,75,56,82,,87,43,95,18
"Cleavinger, Garrett","664076","2023",,,,,,,,,79,,,,,,,,67,76,
"Yacabonis, Jimmy","642231","2023",,,,,,,,,63,,,,,,,,34,56,
"Baker, Bryan","641329","2023",,,,,,,,,33,,,,,,,,79,74,
"Gray, Josiah","680686","2023",19,33,30,32,13,7,25,78,46,66,31,12,50,34,,19,38,22,34
"Reyes, Denyi","660593","2023",,,,,,,,,28,,,,,,,,16,19,
"Honeywell, Brent","641703","2023",8,11,19,32,4,65,46,7,28,3,21,23,34,10,,8,64,29,
"García, Luis","472610","2023",51,32,77,89,20,83,90,85,53,68,26,40,44,45,,51,92,34,
"Jarvis, Bryce","686826","2023",,,,,,,,,42,,,,,,,,73,11,
"Walker, Ryan","676254","2023",91,85,92,91,79,92,92,98,78,99,90,38,87,85,,91,64,49,
"Hill, Rich","448179","2023",9,10,11,18,12,3,18,39,23,44,23,44,6,11,,9,1,40,69
"Cole, Gerrit","543037","2023",80,65,69,67,85,10,54,43,10,49,76,87,50,63,,80,90,87,86
"Stratton, Chris","608717","2023",72,73,60,47,82,46,41,30,16,50,54,65,20,28,,72,34,98,99
"Lorenzen, Michael","547179","2023",37,31,27,26,54,13,49,23,12,42,14,64,16,67,,37,52,89,
"Rasmussen, Drew","656876","2023",,,,,,,,,5,,,,,,,,78,95,
"Winder, Josh","680739","2023",,,,,,,,,74,,,,,,,,60,9,6
"Dodd, Dylan","689266","2023",,,,,,,,,10,,,,,,,,21,39,
"Beck, Tristan","663941","2023",69,49,53,58,78,44,54,70,72,73,21,85,31,49,,69,63,17,28
"Kelly, Merrill","518876","2023",51,49,59,66,46,14,51,34,25,30,69,34,58,88,,51,24,69,62
"Anderson, Chase","502624","2023",24,31,29,30,24,40,43,82,41,92,12,42,15,11,,24,36,39,9
"Bradish, Kyle","680694","2023",67,58,61,64,73,22,68,23,18,27,61,77,47,35,,67,60,61,68
"Montgomery, Jordan","656756","2023",57,37,47,57,68,9,58,65,16,59,34,82,47,65,,57,38,49,32
"Bass, Anthony","542914","2023",,,,,,,,,68,,,,,,,,58,8,
"Gausman, Kevin","592332","2023",63,64,51,40,77,4,20,39,1,20,93,68,70,87,,63,60,63,
"Ferrer, Jose A.","678606","2023",,,,,,,,,26,,,,,,,,76,19,
"Williams, Trevor","592866","2023",8,10,6,6,20,2,16,65,13,53,11,58,6,40,,8,5,20,17
"Vásquez, Randy","681190","2023",,,,,,,,,14,,,,,,,,54,80,97
"De los Santos, Yerry","660787","2023",,,,,,,,,74,,,,,,,,68,35,
"Bummer, Aaron","607481","2023",75,77,96,98,20,99,99,43,17,11,87,4,89,35,,75,56,5,
"Marte, Yunior","628708","2023",,,,,,,,,30,,,,,,,,95,80,
"Navarro, Edgar","679346","2023",,,,,,,,,80,,,,,,,,44,51,
"Weathers, Ryan","677960","2023",32,44,36,38,27,62,54,43,21,78,10,14,31,1,,32,70,42,
"Suárez, Andrew","605498","2023",,,,,,,,,48,,,,,,,,24,1,22
"Walter, Brandon","687888","2023",,,,,,,,,41,,,,,,,,13,12,
"Abbott, Andrew","671096","2023",60,72,55,40,68,32,27,5,6,23,72,32,47,29,,60,29,42,87
"Campbell, Isaiah","663462","2023",,,,,,,,,80,,,,,,,,68,92,
"Peralta, Freddy","642547","2023",83,84,77,66,86,16,36,78,11,60,92,58,92,48,,83,56,88,11
"Stroman, Marcus","573186","2023",46,22,62,83,26,44,88,17,2,34,32,40,23,24,,46,15,69,
"Wheeler, Zack","554430","2023",88,68,80,83,92,32,87,88,25,68,75,93,68,83,,88,78,92,84
"Santos, Gregory","666619","2023",88,42,92,100,64,100,100,53,51,78,44,85,77,91,,88,98,84,
"Canning, Griffin","656288","2023",57,61,35,28,75,16,20,6,35,15,69,76,71,50,,57,63,25,38
"Ramirez, Nick","598286","2023",,,,,,,,,69,,,,,,,,4,9,
"Farmer, Buck","571656","2023",56,78,47,24,67,49,34,75,44,78,43,34,78,49,,56,48,67,
"McArthur, James","663704","2023",,,,,,,,,37,,,,,,,,49,49,92
"Javier, Cristian","664299","2023",37,67,23,7,60,7,25,47,14,56,48,40,59,56,,37,29,57,95
"Rodriguez, Eduardo","593958","2023",55,45,53,60,58,20,58,58,16,54,46,61,33,38,,55,22,31,
"Morejon, Adrian","670970","2023",,,,,,,,,14,,,,,,,,73,93,
"Abad, Fernando","472551","2023",,,,,,,,,87,,,,,,,,26,23,
"Graveman, Kendall","608665","2023",33,64,65,64,14,68,68,58,28,74,49,5,72,34,,33,83,66,
"Cordero, Jimmy","622772","2023",,,,,,,,,79,,,,,,,,93,33,
"Kimbrel, Craig","518886","2023",87,97,86,66,84,56,13,20,62,4,98,25,91,53,,87,80,80,66
"Romano, Jordan","605447","2023",84,84,77,67,73,74,61,49,30,66,86,31,96,90,,84,90,74,
"Coulombe, Danny","543056","2023",93,77,85,84,95,87,82,96,61,95,80,87,76,94,,93,13,91,80
"García, Deivi","665620","2023",,,,,,,,,66,,,,,,,,64,50,
"Fujinami, Shintaro","660261","2023",26,56,45,41,12,52,53,15,5,11,49,6,77,4,,26,97,5,
"Díaz, Miguel","622766","2023",,,,,,,,,93,,,,,,,,63,48,
"Nola, Aaron","605400","2023",71,58,49,43,87,5,41,41,16,54,65,87,47,96,,71,24,61,65
"Graterol, Brusdar","660813","2023",90,44,88,96,81,83,92,87,35,88,17,95,1,73,,90,97,6,
"Adcock, Ty","686654","2023",,,,,,,,,56,,,,,,,,89,15,
"Gray, Jon","592351","2023",37,27,38,55,34,27,75,39,11,46,37,53,53,83,,37,79,5,54
"Clarke, Taylor","664199","2023",18,41,13,5,36,40,1,34,35,32,57,40,62,98,,18,64,55,
"Jameson, Drey","686753","2023",,,,,,,,,17,,,,,,,,83,34,
"Helsley, Ryan","664854","2023",,,,,,,,,65,,,,,,,,99,100,
"Castillo, Luis","622491","2023",64,69,43,29,81,3,25,23,27,30,77,72,80,77,,64,85,50,
"Richards, Trevor","670950","2023",75,93,72,40,74,49,13,61,31,60,97,15,97,100,,75,30,62,
"Santana, Dennis","642701","2023",,,,,,,,,91,,,,,,,,68,90,
"Wainwright, Adam","425794","2023",1,1,1,1,2,7,7,49,7,51,1,47,1,2,,1,1,31,73
"Brown, Hunter","686613","2023",46,58,40,35,56,4,9,8,20,13,75,50,40,32,,46,79,53,48
"Plesac, Zach","668676","2023",,,,,,,,,14,,,,,,,,12,12,
"Hancock, Emerson","676106","2023",,,,,,,,,82,,,,,,,,27,73,
"Martin, Chris","455119","2023",,,,,,,,,69,,,,,,,,76,29,
"Fleming, Josh","676596","2023",11,3,16,39,10,79,83,10,26,1,1,46,4,32,,11,8,1,21
"Pop, Zach","647315","2023",,,,,,,,,25,,,,,,,,80,36,
"Brigham, Jeff","656257","2023",,,,,,,,,62,,,,,,,,41,88,
"Baumann, Mike","657508","2023",14,30,18,15,11,56,29,4,35,6,40,8,42,32,,14,88,50,33
"Hader, Josh","623352","2023",99,100,100,99,89,97,92,87,39,97,99,5,91,92,,99,85,25,
"Freeland, Kyle","607536","2023",6,4,2,5,23,3,34,18,6,19,2,82,1,50,,6,3,72,35
"Hughes, Brandon","676714","2023",,,,,,,,,86,,,,,,,,38,67,
"Stephenson, Robert","596112","2023",,,,,,,,,44,,,,,,,,90,85,
"Maton, Phil","664208","2023",91,96,91,79,79,68,63,99,81,100,76,38,90,69,,91,,,99
"Wells, Tyler","669330","2023",60,82,28,5,91,13,3,49,4,52,61,68,53,44,,60,26,92,73
"Thompson, Keegan","624522","2023",,,,,,,,,73,,,,,,,,44,95,76
"Soriano, José","667755","2023",,,,,,,,,44,,,,,,,,97,12,16
"Weems, Jordan","607179","2023",43,74,32,15,36,56,6,26,42,56,69,8,58,5,,43,87,19,
"Urquidy, José","664353","2023",28,30,33,41,32,49,33,91,57,82,9,38,42,90,,28,36,49,77
"Suter, Brent","608718","2023",87,67,92,96,66,92,97,100,81,99,18,46,21,17,,87,1,34,
"Bello, Brayan","678394","2023",47,33,42,54,57,18,65,37,3,13,26,76,37,58,,47,71,5,
"Little, Luke","681432","2023",,,,,,,,,80,,,,,,,,89,39,
"Medina, Luis","665622","2023",24,35,44,54,11,44,78,41,48,37,34,12,38,20,,24,83,75,31
"Banda, Anthony","607455","2023",,,,,,,,,77,,,,,,,,73,24,
"Wacha, Michael","608379","2023",44,41,34,35,57,28,61,70,11,75,41,60,39,62,,44,19,4,8
"Walker, Taijuan","592836","2023",40,42,47,53,35,16,71,47,50,38,18,31,9,30,,40,27,7,31
"Stephan, Trevor","663986","2023",37,53,42,38,42,56,37,47,31,56,65,44,80,63,,37,67,97,
"Quantrill, Cal","615698","2023",6,6,9,18,8,27,39,73,53,49,1,58,5,21,,6,44,28,38
"Green, Chad","643338","2023",,,,,,,,,76,,,,,,,,76,94,
"Cronin, Declan","686539","2023",,,,,,,,,47,,,,,,,,41,97,
"Joyce, Ben","690829","2023",,,,,,,,,84,,,,,,,,100,80,
"Rom, Drew","680723","2023",,,,,,,,,35,,,,,,,,5,57,
"Harris, Hogan","663687","2023",18,32,16,11,25,49,27,23,36,10,25,28,28,1,,18,27,59,
"Sborz, Josh","622250","2023",84,84,74,63,89,74,37,26,23,39,91,58,98,78,,84,91,71,19
"Phillips, Evan","623465","2023",90,71,79,80,90,79,73,67,8,65,83,88,74,78,,90,85,70,
"Kahnle, Tommy","592454","2023",,,,,,,,,27,,,,,,,,70,25,
"Varland, Louis","686973","2023",30,41,11,4,73,42,10,6,20,17,62,83,47,59,,30,73,46,
"Civale, Aaron","650644","2023",68,49,64,71,70,38,73,49,20,68,46,78,25,69,,68,22,71,97
"Detmers, Reid","672282","2023",33,35,53,67,20,35,78,28,35,34,72,35,59,34,,33,54,15,40
"Puk, A.J.","640462","2023",91,86,71,49,99,68,46,83,39,91,95,89,90,59,,91,80,37,
"Bruihl, Justin","677865","2023",,,,,,,,,17,,,,,,,,2,31,
"Taillon, Jameson","592791","2023",27,28,16,13,58,2,11,65,50,55,34,80,20,54,,27,44,71,82
"Alexander, Scott","518397","2023",72,19,69,88,58,92,94,15,50,83,4,90,8,74,,72,30,48,
"Bassitt, Chris","605135","2023",56,53,49,46,64,3,41,80,25,76,43,70,19,25,,56,19,18,21
"Márquez, Germán","608566","2023",,,,,,,,,31,,,,,,,,73,24,58
"Cisnero, José","542585","2023",28,39,31,32,26,56,23,20,3,11,73,34,44,12,,28,79,83,
"Gipson-Long, Sawyer","687830","2023",,,,,,,,,87,,,,,,,,34,17,
"Severino, Luis","622663","2023",5,8,7,11,11,22,13,18,44,9,19,53,11,54,,5,88,57,
"Hicks, Jordan","663855","2023",84,87,94,93,57,83,85,89,67,72,83,15,65,40,,84,100,27,
"Eovaldi, Nathan","543135","2023",59,62,55,50,64,22,50,53,23,21,46,55,53,46,,59,70,32,2
"Peguero, Elvis","665625","2023",63,56,83,89,34,97,97,49,7,57,34,23,85,95,,63,85,1,
"Young, Danny","664849","2023",,,,,,,,,89,,,,,,,,3,77,
"Bielak, Brandon","656232","2023",12,20,18,20,11,33,13,12,6,2,14,23,32,24,,12,21,75,36
"Gage, Matt","657424","2023",,,,,,,,,48,,,,,,,,49,24,
"Webb, Jacob","657097","2023",60,81,79,74,29,92,88,70,39,45,58,5,88,89,,60,64,95,
"Webb, Logan","657277","2023",72,33,57,73,84,7,68,10,14,6,44,99,11,86,,72,24,1,
"Chafin, Andrew","605177","2023",42,67,55,46,32,65,20,88,8,88,82,6,87,76,,42,22,29,
"Ortega, Oliver","661383","2023",,,,,,,,,62,,,,,,,,76,68,42
"Holderman, Colin","670059","2023",74,62,75,79,63,87,88,47,62,21,55,50,29,14,,74,95,46,
"Vines, Darius","670241","2023",,,,,,,,,41,,,,,,,,6,29,
"Miller, Bobby","676272","2023",80,68,78,80,79,42,81,65,13,60,51,80,56,46,,80,98,73,89
"Barraclough, Kyle","607457","2023",,,,,,,,,90,,,,,,,,11,54,
"Patton, Spencer","607359","2023",,,,,,,,,78,,,,,,,,13,9,
"Martinez, Nick","607259","2023",57,47,63,73,50,40,63,98,51,95,46,45,68,89,,57,34,82,62
"Pressly, Ryan","519151","2023",76,60,53,49,87,56,29,4,66,19,80,83,85,98,,76,63,98,100
"Cease, Dylan","656302","2023",50,52,64,71,37,25,78,23,27,32,77,25,83,42,,50,78,97,71
"Hendricks, Kyle","543294","2023",50,16,40,69,61,28,78,98,7,92,8,95,13,94,,50,1,13,93
"Hjelle, Sean","663546","2023",,,,,,,,,42,,,,,,,,64,17,1
"Small, Ethan","663629","2023",,,,,,,,,76,,,,,,,,19,33,
"Gibson, Kyle","502043","2023",27,19,26,35,42,5,54,30,23,12,23,75,44,37,,27,19,31,45
"Matz, Steven","571927","2023",60,35,64,77,56,60,91,47,48,58,37,70,44,37,,60,52,48,21
"Irvin, Cole","608344","2023",9,9,9,12,23,33,10,61,30,80,29,80,11,73,,9,21,2,15
"Rodríguez, Yerry","666720","2023",,,,,,,,,69,,,,,,,,92,86,
"Chirinos, Yonny","630023","2023",3,3,4,10,7,33,26,4,16,6,3,65,2,16,,3,25,8,
"Díaz, Jhonathan","646242","2023",,,,,,,,,68,,,,,,,,7,30,
"Rucker, Michael","621074","2023",,,,,,,,,65,,,,,,,,60,65,66
"Bradford, Cody","674003","2023",37,49,13,3,82,44,2,7,4,19,37,92,21,54,,37,8,21,
"King, John","667463","2023",,,,,,,,,2,,,,,,,,44,26,
"Almonte, Yency","622075","2023",41,39,68,77,14,83,68,77,8,93,51,15,79,25,,41,83,39,
"Krook, Matt","640454","2023",,,,,,,,,90,,,,,,,,3,14,
"Faucher, Calvin","676534","2023",,,,,,,,,46,,,,,,,,68,60,92
"Voth, Austin","608723","2023",,,,,,,,,4,,,,,,,,36,74,94
"Smeltzer, Devin","656970","2023",,,,,,,,,71,,,,,,,,4,39,61
"Soroka, Michael","647336","2023",,,,,,,,,35,,,,,,,,31,74,
"Gilbert, Logan","669302","2023",74,53,45,43,91,3,29,12,2,11,58,95,53,63,,74,79,4,28
"Corbin, Patrick","571578","2023",3,2,2,7,10,1,26,10,4,16,6,68,14,26,,3,19,10,
"Hill, Tim","657612","2023",,,,,,,,,53,,,,,,,,6,27,
"Misiewicz, Anthony","664948","2023",,,,,,,,,68,,,,,,,,31,27,90
"Blach, Ty","621389","2023",1,1,1,7,1,25,8,20,13,20,2,75,1,71,,1,5,25,24
"Heller, Ben","621294","2023",,,,,,,,,39,,,,,,,,67,36,
"King, Michael","650633","2023",78,70,75,75,77,46,63,88,27,85,88,65,73,45,,78,54,78,
"White, Mitch","669952","2023",,,,,,,,,78,,,,,,,,47,41,
"Lawrence, Casey","596271","2023",,,,,,,,,68,,,,,,,,5,21,
"Giolito, Lucas","608337","2023",32,56,23,13,48,1,8,43,8,32,67,37,69,25,,32,34,33,
"Bumgarner, Madison","518516","2023",,,,,,,,,41,,,,,,,,5,30,23
"Lynn, Lance","458681","2023",25,39,18,13,44,1,13,57,13,47,51,50,69,43,,25,22,84,51
"Ohtani, Shohei","660271","2023",67,91,71,42,66,25,18,92,57,78,94,22,82,14,,67,88,45,47
"Martinez, Justin","679885","2023",,,,,,,,,62,,,,,,,,100,53,
"Senga, Kodai","673540","2023",61,73,74,73,48,28,71,49,7,39,87,15,75,30,,61,79,64,52
"Alzolay, Adbert","640470","2023",74,47,72,81,73,79,81,39,41,64,74,92,65,79,,74,73,63,
"Jiménez, Joe","641729","2023",65,71,37,22,87,52,5,6,30,9,91,85,88,42,,65,73,90,
"Minter, A.J.","621345","2023",86,80,77,71,85,74,65,73,76,70,94,55,85,74,,86,80,90,
"Acevedo, Domingo","642758","2023",,,,,,,,,77,,,,,,,,30,8,
"Jiménez, Dany","666204","2023",,,,,,,,,23,,,,,,,,38,35,
"Darvish, Yu","506433","2023",64,52,70,77,61,33,71,64,36,57,58,67,43,28,,64,58,75,79
"Waldron, Matt","663362","2023",,,,,,,,,23,,,,,,,,13,7,
"González, Victor","624647","2023",,,,,,,,,51,,,,,,,,60,32,
"Miller, Bryce","682243","2023",24,19,13,15,55,9,9,10,2,26,40,95,37,46,,24,70,99,
"Abbott, Cory","676265","2023",,,,,,,,,18,,,,,,,,24,72,33
"Kolarek, Adam","592473","2023",,,,,,,,,79,,,,,,,,2,47,
"Clevinger, Mike","605182","2023",51,56,47,42,63,28,63,70,23,72,27,67,29,50,,51,54,58,
"Balazovic, Jordan","666364","2023",,,,,,,,,31,,,,,,,,70,2,8
"Brazobán, Huascar","623211","2023",76,86,89,85,45,74,65,97,55,98,64,8,86,94,,76,87,53,
"Wicks, Jordan","696136","2023",,,,,,,,,62,,,,,,,,18,47,
"Pérez, Martín","527048","2023",25,16,25,37,28,16,54,49,13,62,5,55,2,40,,25,16,2,44
"Nogosek, Stephen","668665","2023",,,,,,,,,72,,,,,,,,53,63,
"Salazar, Eduardo","674285","2023",,,,,,,,,61,,,,,,,,36,16,
"Givens, Mychal","571710","2023",,,,,,,,,53,,,,,,,,16,85,
"Guerra, Javy","642770","2023",,,,,,,,,71,,,,,,,,94,47,
"Rogers, Trevor","669432","2023",,,,,,,,,79,,,,,,,,33,74,
"Ramírez, Yohan","670990","2023",,,,,,,,,65,,,,,,,,70,31,
"Cobb, Alex","502171","2023",27,11,25,45,40,19,65,28,16,20,29,87,16,71,,27,58,15,74
"La Sorsa, Joe","686747","2023",,,,,,,,,83,,,,,,,,1,10,
"Francis, Bowden","670102","2023",,,,,,,,,75,,,,,,,,56,94,67
"Kaprielian, James","621076","2023",20,47,30,25,16,65,65,34,55,52,30,15,42,59,,20,22,3,42
"Shreve, Chasen","592741","2023",,,,,,,,,72,,,,,,,,9,65,
"Ober, Bailey","641927","2023",75,73,44,27,95,13,23,67,39,73,64,93,68,91,,75,13,71,12
"Speier, Gabe","642100","2023",80,52,63,70,79,68,34,61,72,27,89,92,82,100,,80,60,14,
"Boyd, Matthew","571510","2023",47,49,38,37,58,52,39,41,75,71,54,50,82,83,,47,13,96,63
"Maeda, Kenta","628317","2023",67,67,45,33,84,38,43,15,46,26,77,78,65,76,,67,10,59,83
"Carasiti, Matt","571539","2023",,,,,,,,,59,,,,,,,,73,6,
"Hartwig, Grant","701643","2023",,,,,,,,,11,,,,,,,,63,23,
"Zimmermann, Bruce","669145","2023",,,,,,,,,67,,,,,,,,7,82,
"Saucedo, Tayler","642048","2023",50,45,86,96,9,92,87,94,7,92,32,15,74,90,,50,24,76,
"Pagán, Emilio","641941","2023",72,78,51,27,85,62,58,11,77,8,53,61,37,58,,72,80,98,
"Faedo, Alex","656412","2023",63,73,38,22,84,62,53,55,6,83,39,62,30,42,,63,31,88,
"Cabrera, Génesis","650893","2023",51,69,37,24,55,49,4,4,51,3,56,26,76,69,,51,80,56,25
"Ramírez, Erasmo","541640","2023",14,4,8,16,32,49,39,30,26,19,6,95,8,17,,14,15,33,54
"Duarte, Daniel","650960","2023",,,,,,,,,59,,,,,,,,67,58,
"Pepiot, Ryan","686752","2023",,,,,,,,,13,,,,,,,,49,76,
"Abreu, Albert","656061","2023",32,73,57,41,16,68,61,49,65,30,44,5,51,4,,32,93,23,
"Bard, Daniel","453268","2023",4,72,36,21,1,65,16,85,65,93,29,1,16,1,,4,64,96,
"Then, Juan","672730","2023",,,,,,,,,59,,,,,,,,53,40,
"Sheehan, Emmet","686218","2023",80,98,68,20,94,52,10,30,1,27,68,21,74,65,,80,75,66,
"Thornton, Trent","663423","2023",,,,,,,,,55,,,,,,,,49,85,
"Moore, Matt","519043","2023",86,82,73,58,87,74,50,64,59,66,79,73,65,98,,86,49,73,30
"Perdomo, Angel","622780","2023",,,,,,,,,18,,,,,,,,49,92,
"Milner, Hoby","571948","2023",94,82,82,77,99,74,78,91,33,75,49,92,10,61,,94,3,2,
"Lucas, Easton","687922","2023",,,,,,,,,92,,,,,,,,43,16,
"Strahm, Matt","621381","2023",88,85,75,60,98,49,43,18,30,27,92,83,64,54,,88,40,89,
"Kelly, Joe","523260","2023",,,,,,,,,13,,,,,,,,98,54,96
"Priester, Quinn","682990","2023",3,4,11,29,1,62,41,30,11,4,5,12,30,16,,3,38,53,71
"May, Dustin","669160","2023",,,,,,,,,21,,,,,,,,91,79,