"player_name","player_id","year","xwoba","xba","xslg","xiso","xobp","brl","brl_percent","exit_velocity","max_ev","hard_hit_percent","k_percent","bb_percent","whiff_percent","chase_percent","arm_strength","sprint_speed","oaa","bat_speed","squared_up_rate","swing_length"
"Lukes, Nathan","664770","2024",,,,,,,,,12,,,,,,86,39,,,,
"Amaya, Jacob","676070","2024",,,,,,,,,13,,,,,,27,73,,,,
"Helman, Michael","680737","2024",,,,,,,,,3,,,,,,,82,,,,
"León, Pedro","694175","2024",,,,,,,,,46,,,,,,,18,,,,
"Driscoll, Logan","686482","2024",,,,,,,,,19,,,,,,,11,,,,
"Martini, Nick","605361","2024",,,,,,,,,33,,,,,,,50,,,,
"Naylor, Bo","666310","2024",1,1,7,29,1,27,52,44,47,38,5,44,29,58,,28,,26,31,39
"Berti, Jon","542932","2024",,,,,,,,,67,,,,,,,91,,,,
"Davis, J.D.","605204","2024",,,,,,,,,80,,,,,,,13,,,,
"Contreras, William","661388","2024",90,81,86,77,91,84,68,94,100,91,57,90,32,69,,25,,86,62,48
"Verdugo, Alex","657077","2024",31,54,30,24,37,48,25,32,67,21,88,49,93,70,94,31,66,9,96,99
"Acuña Jr., Ronald","660670","2024",,,,,,,,,93,,,,,,89,60,,,,
"Toglia, Michael","669911","2024",90,40,93,96,75,81,98,91,81,94,4,92,3,57,4,51,11,70,16,29
"Nimmo, Brandon","607043","2024",72,40,54,57,86,72,60,89,77,83,37,91,56,78,65,68,67,73,44,48
"Wood, James","695578","2024",,,,,,,,,79,,,,,,37,85,,,,
"Chourio, Jackson","694192","2024",59,84,61,47,58,60,50,60,79,73,53,31,35,26,48,97,89,70,61,39
"Gorman, Nolan","669357","2024",35,5,68,89,7,68,98,38,72,41,1,56,1,36,14,21,8,70,1,29
"Sweeney, Trey","700242","2024",,,,,,,,,47,,,,,,27,73,77,,,
"Rooker, Brent","667670","2024",95,79,97,98,82,97,97,89,89,92,10,69,5,30,,56,,78,23,72
"Villar, David","681584","2024",,,,,,,,,24,,,,,,,21,,,,
"Chaparro, Andrés","665953","2024",,,,,,,,,27,,,,,,,15,,,,
"Kavadas, Niko","694359","2024",,,,,,,,,34,,,,,,,19,,,,
"Fermin, Freddy","666023","2024",7,40,8,4,18,3,6,29,36,18,73,23,59,32,,28,,,,
"Dahl, David","621311","2024",,,,,,,,,19,,,,,,,44,,,,
"Maldonado, Martín","455117","2024",,,,,,,,,32,,,,,,,1,,,,
"Seager, Corey","608369","2024",97,93,97,98,91,95,95,91,88,94,72,72,56,55,27,9,90,58,62,97
"Kepler, Max","596146","2024",27,45,31,27,23,24,31,46,96,30,60,14,50,34,68,34,87,42,55,29
"Urshela, Gio","570482","2024",34,78,42,26,27,24,20,11,47,8,85,10,74,8,16,6,87,7,82,72
"Cave, Jake","595909","2024",7,30,19,20,7,10,22,20,25,33,14,12,30,19,61,60,32,,,
"Alvarez, Armando","669137","2024",,,,,,,,,9,,,,,,,60,,,,
"Matos, Luis","682641","2024",,,,,,,,,48,,,,,,89,63,,,,
"Wisdom, Patrick","621550","2024",,,,,,,,,85,,,,,,,63,,,,
"Martin, Austin","668885","2024",,,,,,,,,44,,,,,,67,75,5,,,
"Marsh, Brandon","669016","2024",59,27,55,62,56,48,68,86,62,83,3,78,33,80,75,74,41,52,50,62
"López, Jack","605346","2024",,,,,,,,,11,,,,,,35,57,,,,
"Rizzo, Anthony","519203","2024",27,36,14,13,50,8,14,12,67,16,74,38,80,17,9,3,26,,,
"Buxton, Byron","621439","2024",88,75,92,92,56,65,89,87,88,86,27,12,10,22,88,97,84,84,19,2
"Norby, Connor","681393","2024",,,,,,,,,31,,,,,,41,94,,,,
"O'Hoppe, Logan","681351","2024",66,54,76,80,36,74,81,70,79,79,8,23,7,16,,71,,28,26,48
"Friedl, TJ","670770","2024",21,21,5,7,54,3,6,6,46,12,87,45,86,78,54,26,14,,,
"Goldschmidt, Paul","502671","2024",64,62,76,76,40,84,73,82,76,92,21,38,34,43,1,23,52,61,49,8
"Garcia, Maikel","672580","2024",29,74,24,14,42,24,10,70,42,65,81,30,92,92,68,66,76,31,98,62
"Burger, Jake","669394","2024",73,64,88,88,34,87,84,84,96,81,25,14,16,8,48,65,7,86,41,29
"Story, Trevor","596115","2024",,,,,,,,,17,,,,,,23,70,,,,
"Wall, Forrest","657088","2024",,,,,,,,,6,,,,,,,88,,,,
"Bliss, Ryan","669208","2024",,,,,,,,,26,,,,,,11,82,,,,
"White, Eli","642201","2024",,,,,,,,,11,,,,,,,96,,,,
"Encarnacion-Strand, Christian","687952","2024",,,,,,,,,88,,,,,,,50,,,,
"Schneider, Davis","676914","2024",17,2,22,54,13,58,81,40,52,40,4,77,15,87,46,45,48,20,19,86
"Wagner, Will","695238","2024",,,,,,,,,48,,,,,,18,25,,,,
"Ibáñez, Andy","628451","2024",,,,,,,,,42,,,,,,7,58,91,,,
"Canzone, Dominic","686527","2024",,,,,,,,,65,,,,,,87,42,,,,
"Vargas, Ildemaro","545121","2024",,,,,,,,,41,,,,,,10,32,70,,,
"Manzardo, Kyle","700932","2024",,,,,,,,,58,,,,,,,16,,,,
"Brennan, Will","686823","2024",31,84,29,14,46,12,16,6,47,14,94,14,84,17,70,73,24,,,
"Hicks, Aaron","543305","2024",,,,,,,,,16,,,,,,,40,,,,
"Hiura, Keston","669374","2024",,,,,,,,,30,,,,,,,33,,,,
"Keirsey Jr., DaShawn","680577","2024",,,,,,,,,15,,,,,,,38,,,,
"Marlowe, Cade","687799","2024",,,,,,,,,2,,,,,,,55,,,,
"Rivera, Emmanuel","656896","2024",,,,,,,,,50,,,,,,57,33,32,,,
"Madris, Bligh","676632","2024",,,,,,,,,39,,,,,,,43,,,,
"Crawford, J.P.","641487","2024",41,19,24,31,67,27,35,20,67,39,41,90,75,99,37,33,67,52,33,48
"Winker, Jesse","608385","2024",62,45,35,31,90,45,48,40,50,35,55,96,78,96,65,19,2,17,66,48
"Springer, George","543807","2024",56,37,52,54,62,76,63,20,66,35,69,70,44,82,65,72,43,52,53,39
"Judge, Aaron","592450","2024",100,98,100,100,100,100,100,100,99,100,35,100,15,97,75,36,7,99,44,1
"Rice, Ben","700250","2024",,,,,,,,,70,,,,,,2,52,,,,
"Hamilton, David","666152","2024",,,,,,,,,44,,,,,,46,94,40,,,
"Grossman, Robbie","543257","2024",,,,,,,,,26,,,,,,46,60,,,,
"Adrianza, Ehire","501303","2024",,,,,,,,,6,,,,,,,28,,,,
"Yelich, Christian","592885","2024",,,,,,,,,88,,,,,,39,80,,,,
"Azocar, José","640492","2024",,,,,,,,,39,,,,,,67,91,,,,
"Aranda, Jonathan","666018","2024",,,,,,,,,65,,,,,,,14,,,,
"Burleson, Alec","676475","2024",66,86,69,56,54,58,35,60,72,60,96,19,81,14,70,10,4,38,91,29
"Fraley, Jake","641584","2024",15,50,6,2,32,3,6,1,43,3,70,31,69,28,82,77,68,50,10,72
"Hampson, Garrett","641658","2024",,,,,,,,,48,,,,,,41,99,93,,,
"Laureano, Ramón","657656","2024",,,,,,,,,67,,,,,,89,63,7,,,
"Fortes, Nick","663743","2024",,,,,,,,,50,,,,,,,31,,,,
"Yastrzemski, Mike","573262","2024",29,10,48,67,14,60,72,70,38,55,22,51,41,80,66,44,47,32,68,18
"Wade, Tyler","642180","2024",,,,,,,,,15,,,,,,28,85,,,,
"McCray, Grant","687529","2024",,,,,,,,,46,,,,,,99,93,,,,
"Higashioka, Kyle","543309","2024",,,,,,,,,29,,,,,,,9,,,,
"Frelick, Sal","686217","2024",9,51,2,1,40,1,1,1,24,1,90,42,98,68,68,94,90,3,92,86
"Schuemann, Max","680474","2024",26,13,13,20,50,18,25,49,18,35,25,75,28,92,52,64,36,9,81,94
"Hensley, David","682073","2024",,,,,,,,,54,,,,,,,56,,,,
"Baldwin, Brooks","681460","2024",,,,,,,,,20,,,,,,22,92,,,,
"Chisholm Jr., Jazz","665862","2024",46,31,56,60,37,76,66,60,62,57,33,56,22,45,66,82,93,52,26,29
"Feduccia, Hunter","676439","2024",,,,,,,,,7,,,,,,,57,,,,
"Torrens, Luis","620443","2024",,,,,,,,,42,,,,,,,29,,,,
"Tatis Jr., Fernando","665487","2024",96,96,96,93,92,81,92,97,98,99,46,40,30,50,98,77,40,86,78,48
"Duran, Ezequiel","677649","2024",,,,,,,,,80,,,,,,59,87,82,,,
"Turner, Trea","607208","2024",54,79,60,48,37,52,40,51,66,52,72,10,41,16,32,96,26,43,57,18
"Raley, Luke","670042","2024",50,12,64,78,27,56,75,68,96,61,8,19,4,54,73,90,9,89,3,62
"Tucker, Kyle","663656","2024",,,,,,,,,36,,,,,,52,18,,,,
"Dubón, Mauricio","643289","2024",4,54,9,3,9,6,5,7,39,5,96,4,83,2,80,48,95,15,72,18
"Margot, Manuel","622534","2024",38,73,32,18,44,12,20,29,74,17,84,20,72,36,17,53,16,,,
"LeMahieu, DJ","518934","2024",,,,,,,,,39,,,,,,16,20,87,,,
"Martínez, Angel","682657","2024",,,,,,,,,22,,,,,,63,58,,,,
"Solano, Donovan","456781","2024",,,,,,,,,31,,,,,,,10,,,,
"Berroa, Steward","672642","2024",,,,,,,,,7,,,,,,,89,,,,
"Brown, Seth","664913","2024",23,24,41,49,10,37,55,67,71,51,14,23,24,36,17,49,9,73,23,62
"Goodrum, Niko","592348","2024",,,,,,,,,11,,,,,,,39,,,,
"Mead, Curtis","678554","2024",,,,,,,,,85,,,,,,25,39,,,,
"Vientos, Mark","668901","2024",66,40,83,88,27,76,92,82,88,80,8,40,4,24,62,22,6,50,41,18
"Dalbec, Bobby","666915","2024",,,,,,,,,33,,,,,,,83,,,,
"Guillorme, Luis","641645","2024",,,,,,,,,41,,,,,,20,4,80,,,
"Castillo, Diego","660636","2024",,,,,,,,,6,,,,,,,21,,,,
"García Jr., Luis","671277","2024",69,90,75,63,46,64,51,51,67,60,82,11,69,9,13,45,89,45,78,48
"Gurriel, Yuli","493329","2024",,,,,,,,,22,,,,,,,27,,,,
"Suárez, Eugenio","553993","2024",69,51,78,81,47,84,78,51,76,63,17,46,24,59,45,27,83,56,20,8
"Giménez, Andrés","665926","2024",26,76,19,7,42,14,5,9,55,8,86,5,61,6,62,89,100,9,46,82
"Realmuto, J.T.","592663","2024",74,80,79,72,58,54,71,52,57,80,30,26,40,37,,79,,70,23,18
"Jansen, Danny","643376","2024",,,,,,,,,29,,,,,,,27,,,,
"Biggio, Cavan","624415","2024",,,,,,,,,14,,,,,,12,80,26,,,
"Wagaman, Eric","676572","2024",,,,,,,,,80,,,,,,,42,,,,
"Holliday, Jackson","702616","2024",,,,,,,,,50,,,,,,14,95,64,,,
"Schneemann, Daniel","682177","2024",,,,,,,,,39,,,,,,95,76,47,,,
"Varsho, Daulton","662139","2024",2,1,4,29,4,30,31,7,63,18,20,67,36,67,40,80,98,78,1,18
"Baker, Luken","663609","2024",,,,,,,,,52,,,,,,,5,,,,
"Westbrook, Jamie","642197","2024",,,,,,,,,23,,,,,,,34,,,,
"Vosler, Jason","613564","2024",,,,,,,,,22,,,,,,,31,,,,
"Marte, Ketel","606466","2024",97,96,96,94,96,88,84,98,99,96,72,85,69,66,33,43,93,78,88,18
"Gallo, Joey","608336","2024",,,,,,,,,47,,,,,,5,26,,,,
"Jung, Josh","673962","2024",,,,,,,,,39,,,,,,22,48,,,,
"Monasterio, Andruw","655316","2024",,,,,,,,,26,,,,,,32,57,,,,
"Ramos, Bryan","682868","2024",,,,,,,,,23,,,,,,,86,,,,
"Sosa, Edmundo","624641","2024",,,,,,,,,90,,,,,,27,92,86,,,
"Thompson, Bubba","669352","2024",,,,,,,,,7,,,,,,,96,,,,
"Pagés, Pedro","686780","2024",,,,,,,,,57,,,,,,,17,,,,
"Grissom, Vaughn","687093","2024",,,,,,,,,16,,,,,,17,51,,,,
"Domínguez, Jasson","691176","2024",,,,,,,,,52,,,,,,,64,,,,
"Crews, Dylan","686611","2024",,,,,,,,,55,,,,,,83,93,,,,
"Mendick, Danny","664901","2024",,,,,,,,,36,,,,,,12,26,,,,
"Refsnyder, Rob","608701","2024",,,,,,,,,77,,,,,,84,48,,,,
"Blankenhorn, Travis","663905","2024",,,,,,,,,27,,,,,,,22,,,,
"Shewmake, Braden","669699","2024",,,,,,,,,48,,,,,,57,62,,,,
"Rojas, Josh","668942","2024",21,13,18,27,32,24,27,29,39,40,40,69,50,89,57,40,94,4,83,48
"Estrada, Thairo","642731","2024",2,16,10,16,1,14,18,9,42,12,61,1,73,13,9,70,94,,,
"Gasper, Mickey","681508","2024",,,,,,,,,15,,,,,,,41,,,,
"Suwinski, Jack","669261","2024",,,,,,,,,77,,,,,,63,77,5,,,
"Smith, Will","669257","2024",70,34,78,85,62,77,74,56,48,62,66,67,71,64,,49,,6,69,62
"Busch, Michael","683737","2024",55,10,62,80,42,72,76,64,52,46,12,85,28,84,1,48,74,24,52,48
"Bart, Joey","663698","2024",,,,,,,,,77,,,,,,,41,,,,
"Yepez, Juan","660766","2024",,,,,,,,,83,,,,,,24,31,,,,
"Díaz, Elias","553869","2024",7,31,10,10,14,10,17,16,65,20,63,16,32,20,,2,,,,
"Bleday, JJ","668709","2024",52,34,52,57,58,71,54,38,88,26,65,77,41,75,82,57,21,45,63,48
"Bouchard, Sean","656248","2024",,,,,,,,,47,,,,,,58,41,,,,
"Julien, Edouard","666397","2024",,,,,,,,,63,,,,,,22,30,14,,,
"Bae, Ji Hwan","678225","2024",,,,,,,,,36,,,,,,68,91,,,,
"Lopez, Otto","672640","2024",46,88,44,20,52,20,21,26,44,42,74,17,67,26,36,86,98,28,87,97
"Jiménez, Leo","677870","2024",,,,,,,,,26,,,,,,21,67,21,,,
"Julks, Corey","667452","2024",,,,,,,,,41,,,,,,63,80,,,,
"Wynns, Austin","642851","2024",,,,,,,,,60,,,,,,,7,,,,
"Lee, Jung Hoo","808982","2024",,,,,,,,,46,,,,,,97,79,,,,
"Rodgers, Brendan","663898","2024",24,51,30,24,20,34,25,55,73,70,33,17,43,46,16,17,24,45,42,72
"De Los Santos, Luis","665782","2024",,,,,,,,,22,,,,,,,42,,,,
"Smith, Dominic","642086","2024",,,,,,,,,48,,,,,,1,12,77,,,
"Perkins, Blake","663368","2024",7,10,3,7,23,8,12,44,25,38,30,69,35,76,87,97,95,15,90,48
"Anderson, Tim","641313","2024",,,,,,,,,46,,,,,,54,43,29,,,
"Florial, Estevan","664314","2024",,,,,,,,,67,,,,,,,85,,,,
"Adams, Riley","656180","2024",,,,,,,,,62,,,,,,,27,,,,
"García, Adolis","666969","2024",36,16,58,71,12,90,85,78,98,87,16,36,5,17,84,36,1,54,24,5
"Hernández, Enrique","571771","2024",14,24,26,31,11,14,18,59,85,59,64,32,60,64,60,41,66,45,63,39
"Heyward, Jason","518792","2024",,,,,,,,,39,,,,,,84,36,,,,
"Marte, Starling","516782","2024",77,96,67,37,84,24,40,62,71,65,46,40,28,38,90,43,4,58,46,48
"Loftin, Nick","679845","2024",,,,,,,,,15,,,,,,38,60,,,,
"Cook, Billy","695257","2024",,,,,,,,,47,,,,,,,93,,,,
"Lowe, Brandon","664040","2024",80,56,90,90,52,65,84,62,72,71,22,47,10,32,14,45,50,76,18,72
"Pache, Cristian","665506","2024",,,,,,,,,50,,,,,,92,80,,,,
"Herrera, Iván","671056","2024",,,,,,,,,85,,,,,,,47,,,,
"Bregman, Alex","608324","2024",56,69,65,58,47,60,34,51,48,51,94,32,98,82,26,32,92,39,96,82
"Hedges, Austin","595978","2024",,,,,,,,,9,,,,,,,8,,,,
"Trout, Mike","545361","2024",,,,,,,,,93,,,,,,44,90,,,,
"Arias, Gabriel","672356","2024",,,,,,,,,89,,,,,,97,50,,,,
"Siri, Jose","642350","2024",24,2,56,84,3,68,94,20,72,60,1,32,1,12,97,99,99,61,1,8
"Encarnacion, Jerar","666464","2024",,,,,,,,,95,,,,,,,38,,,,
"Hilliard, Sam","656541","2024",,,,,,,,,76,,,,,,90,88,,,,
"Casali, Curt","592200","2024",,,,,,,,,13,,,,,,,2,,,,
"Machado, Manny","592518","2024",74,83,80,72,58,90,75,93,97,90,66,36,50,42,56,15,38,90,52,8
"Soto, Livan","670869","2024",,,,,,,,,3,,,,,,,20,,,,
"Hernaiz, Darell","687231","2024",,,,,,,,,32,,,,,,18,55,,,,
"Stanton, Giancarlo","519317","2024",86,45,94,97,42,94,99,99,100,98,6,55,4,30,,3,,100,8,1
"Rutschman, Adley","668939","2024",48,67,48,37,66,54,30,29,52,28,83,62,89,47,,28,,14,86,86
"Raleigh, Cal","663728","2024",82,22,88,93,64,95,96,78,91,86,14,85,13,22,,28,,84,8,8
"Witt Jr., Bobby","677951","2024",98,98,98,96,96,99,92,94,98,88,88,51,65,25,78,100,99,86,72,72
"McMahon, Ryan","641857","2024",59,34,56,60,66,79,74,91,87,93,12,79,18,62,47,16,92,61,23,62
"Dunn, Oliver","686554","2024",,,,,,,,,67,,,,,,,92,,,,
"Stewart, DJ","621466","2024",,,,,,,,,71,,,,,,72,40,,,,
"Greene, Riley","682985","2024",88,57,90,90,80,87,90,84,92,83,20,83,37,85,52,59,75,86,26,62
"Alexander, Blaze","677942","2024",,,,,,,,,66,,,,,,89,84,,,,
"Abreu, Wilyer","677800","2024",55,22,64,74,32,58,76,86,93,94,14,61,20,50,98,55,91,85,24,39
"Locklear, Tyler","682988","2024",,,,,,,,,80,,,,,,,27,,,,
"Loperfido, Joey","694388","2024",,,,,,,,,62,,,,,,47,88,56,,,
"Bichette, Bo","666182","2024",,,,,,,,,74,,,,,,37,49,70,,,
"Fitzgerald, Tyler","666149","2024",17,19,30,42,11,20,53,22,30,13,4,26,12,60,31,100,31,,,
"Torkelson, Spencer","679529","2024",12,6,16,35,12,18,37,49,47,45,16,60,38,84,4,47,71,77,10,29
"Díaz, Yandy","650490","2024",73,89,62,45,80,68,48,92,99,89,86,52,97,88,3,10,21,73,93,29
"Campero, Gustavo","672569","2024",,,,,,,,,46,,,,,,,77,,,,
"Diaz, Yainer","673237","2024",78,97,80,53,66,71,48,68,76,85,74,5,54,2,,44,,61,65,39
"Nootbaar, Lars","663457","2024",89,76,79,76,91,48,66,88,89,91,65,98,82,100,75,40,69,,,
"Baty, Brett","683146","2024",,,,,,,,,81,,,,,,43,38,78,,,
"Stephenson, Tyler","663886","2024",56,34,52,56,62,58,60,68,72,68,40,64,62,80,,27,,31,88,39
"Vargas, Miguel","678246","2024",,,,,,,,,70,,,,,,88,84,,,,
"Baker, Darren","671117","2024",,,,,,,,,5,,,,,,,39,,,,
"O'Hearn, Ryan","656811","2024",86,89,83,69,86,47,40,59,44,49,93,64,84,65,18,64,,58,79,72
"Betts, Mookie","605141","2024",92,94,82,65,94,42,29,64,53,44,98,92,94,93,55,31,19,13,99,86
"Madrigal, Nick","663611","2024",,,,,,,,,16,,,,,,36,54,,,,
"Moncada, Yoán","660162","2024",,,,,,,,,42,,,,,,,35,,,,
"Vierling, Matt","663837","2024",41,62,44,35,42,56,46,62,74,54,50,38,78,89,50,87,60,37,85,39
"Fry, David","681807","2024",64,54,50,46,87,27,46,32,41,37,49,79,47,52,,22,,25,30,8
"Winn, Masyn","691026","2024",20,64,20,12,29,24,10,14,73,14,76,26,82,35,95,87,83,23,63,48
"Williams, Luke","663897","2024",,,,,,,,,13,,,,,,,83,,,,
"Happ, Ian","664023","2024",82,37,72,79,82,86,79,76,92,74,26,94,31,84,48,66,40,58,31,82
"Walsh, Jared","665120","2024",,,,,,,,,85,,,,,,,30,,,,
"Robert Jr., Luis","673357","2024",9,7,28,48,4,45,66,68,87,52,2,28,2,10,54,88,75,85,4,13
"Bote, David","623520","2024",,,,,,,,,31,,,,,,,39,,,,
"Iglesias, Jose","578428","2024",,,,,,,,,58,,,,,,21,83,77,,,
"McKinney, Billy","641856","2024",,,,,,,,,8,,,,,,,42,,,,
"Ortega, Rafael","542364","2024",,,,,,,,,11,,,,,,,19,,,,
"Jones, Jahmai","663330","2024",,,,,,,,,54,,,,,,,56,,,,
"Walker, Christian","572233","2024",86,45,83,86,79,86,90,82,91,86,36,73,44,77,3,21,97,89,8,29
"Newman, Kevin","621028","2024",,,,,,,,,14,,,,,,27,53,91,,,
"Wade Jr., LaMonte","664774","2024",89,64,66,62,97,39,65,74,70,70,43,99,53,94,6,7,20,,,
"Remillard, Zach","621545","2024",,,,,,,,,17,,,,,,,69,,,,
"Meyers, Jake","676694","2024",31,27,36,43,27,42,39,29,60,32,40,31,36,29,48,89,97,12,39,82
"Morel, Christopher","666624","2024",45,15,43,59,47,74,69,52,76,50,24,73,5,65,87,49,1,95,7,4
"Trevino, Jose","624431","2024",,,,,,,,,33,,,,,,,3,,,,
"Dezenzo, Zach","701305","2024",,,,,,,,,83,,,,,,,77,,,,
"Cameron, Daz","663662","2024",,,,,,,,,85,,,,,,76,78,,,,
"De La Cruz, Elly","682829","2024",62,31,66,71,57,90,86,88,94,76,6,72,8,60,90,100,98,90,20,48
"DeLuca, Jonny","676356","2024",5,22,5,5,14,6,12,2,53,7,50,28,54,5,87,98,91,31,9,18
"McNeil, Jeff","643446","2024",17,27,12,14,34,8,6,14,32,11,92,42,87,32,65,23,62,13,74,62
"Taylor, Chris","621035","2024",,,,,,,,,41,,,,,,77,71,18,,,
"Baddoo, Akil","668731","2024",,,,,,,,,52,,,,,,55,71,,,,
"Del Castillo, Adrian","680728","2024",,,,,,,,,22,,,,,,,11,,,,
"Castellanos, Nick","592206","2024",70,85,72,63,66,72,52,34,87,40,53,22,16,5,32,52,4,52,36,18
"Haase, Eric","606992","2024",,,,,,,,,55,,,,,,,65,,,,
"Salazar, César","663967","2024",,,,,,,,,5,,,,,,,11,,,,
"Wallner, Matt","670242","2024",,,,,,,,,98,,,,,,99,55,,,,
"Pillar, Kevin","607680","2024",,,,,,,,,44,,,,,,65,78,50,,,
"Kelly, Carson","608348","2024",,,,,,,,,32,,,,,,,12,,,,
"Peralta, David","444482","2024",,,,,,,,,79,,,,,,37,38,,,,
"Ornelas, Jonathan","680716","2024",,,,,,,,,63,,,,,,,47,,,,
"Adell, Jo","666176","2024",42,15,59,74,20,64,79,62,97,71,15,47,19,42,63,86,57,98,2,18
"Stowers, Kyle","669065","2024",,,,,,,,,57,,,,,,73,73,,,,
"Sogard, Nick","686765","2024",,,,,,,,,6,,,,,,20,59,,,,
"Schmitt, Casey","669477","2024",,,,,,,,,57,,,,,,83,68,,,,
"Kjerstad, Heston","677008","2024",,,,,,,,,41,,,,,,92,81,,,,
"Bell, Josh","605137","2024",41,27,44,51,36,60,48,46,74,49,61,56,37,56,3,9,2,25,70,5
"Wells, Austin","669224","2024",78,43,68,70,80,45,60,34,74,42,54,89,34,70,,31,,58,33,39
"Teodosio, Bryce","669326","2024",,,,,,,,,4,,,,,,,98,,,,
"Pham, Tommy","502054","2024",50,75,52,38,54,42,43,70,86,64,44,40,63,97,77,47,31,63,85,86
"Ramírez, Harold","623912","2024",,,,,,,,,71,,,,,,,70,,,,
"Lux, Gavin","666158","2024",47,67,36,24,67,30,29,32,43,57,41,62,57,85,7,59,32,38,57,48
"Moreno, Gabriel","672515","2024",62,60,39,30,84,20,36,67,73,55,91,92,84,91,,44,,,,
"Olivares, Edward","658668","2024",,,,,,,,,59,,,,,,93,61,,,,
"Kim, Ha-Seong","673490","2024",47,50,17,15,86,18,18,25,34,23,81,96,92,98,74,76,84,,,
"Alonso, Pete","624413","2024",80,36,83,88,72,95,89,62,98,80,30,75,48,67,2,20,3,90,26,48
"Pauley, Graham","688363","2024",,,,,,,,,16,,,,,,,24,,,,
"Edman, Tommy","669242","2024",,,,,,,,,18,,,,,,33,66,28,,,
"Waters, Drew","671221","2024",,,,,,,,,2,,,,,,,69,,,,
"Sosa, Lenyn","672820","2024",50,91,62,40,37,20,30,49,67,58,55,2,78,6,30,48,10,45,68,39
"Kwan, Steven","680757","2024",70,94,38,12,93,8,4,9,19,1,99,70,100,96,60,43,88,1,100,98
"Santana, Carlos","467793","2024",66,48,58,59,78,58,44,52,90,46,79,82,57,83,18,17,98,50,79,18
"Rosario, Amed","642708","2024",10,57,22,16,8,10,16,13,46,26,53,1,49,4,72,91,4,,,
"Ahmed, Nick","605113","2024",,,,,,,,,11,,,,,,17,60,94,,,
"Altuve, Jose","514888","2024",47,76,48,31,57,64,35,11,39,11,74,32,66,6,7,44,3,15,62,8
"Sánchez, Jesús","660821","2024",83,76,87,82,64,80,83,93,99,95,23,45,12,9,77,46,80,90,20,72
"Conforto, Michael","624424","2024",85,67,90,89,69,72,80,68,90,77,36,58,45,76,82,24,19,82,53,39
"Tellez, Rowdy","642133","2024",29,30,46,51,18,42,51,56,96,28,53,42,67,56,16,1,10,,,
"Bohm, Alec","664761","2024",80,94,71,51,80,60,39,70,70,76,92,28,86,58,33,23,88,56,95,39
"Wiemer, Joey","686894","2024",,,,,,,,,11,,,,,,,83,,,,
"Maile, Luke","571912","2024",,,,,,,,,22,,,,,,,10,,,,
"Gomes, Yan","543228","2024",,,,,,,,,25,,,,,,,22,,,,
"Jordan, Levi","682119","2024",,,,,,,,,2,,,,,,,26,,,,
"Steer, Spencer","668715","2024",50,30,38,44,71,52,34,26,35,46,55,83,59,75,78,73,22,43,57,39
"Langeliers, Shea","669127","2024",61,31,75,84,29,81,87,84,90,69,19,46,23,32,,61,,82,38,48
"Swanson, Dansby","621020","2024",55,40,58,60,47,68,62,56,58,64,35,62,27,78,30,63,99,45,47,39
"Perez, Salvador","521692","2024",91,87,95,94,75,94,83,80,88,72,62,30,32,1,5,3,,70,50,5
"Mullins, Cedric","656775","2024",16,16,16,22,22,20,20,16,23,16,64,54,82,51,44,75,79,34,39,29
"Doyle, Brenton","686668","2024",62,57,68,68,44,79,72,52,62,58,27,45,19,39,99,94,98,32,46,39
"Caminero, Junior","691406","2024",,,,,,,,,98,,,,,,50,25,,,,
"Cruz, Oneil","665833","2024",80,74,86,80,67,94,97,99,100,97,8,56,5,27,100,88,38,100,29,13
"Martinez, J.D.","502110","2024",85,62,87,86,79,81,94,78,70,77,13,72,12,42,,15,,68,7,1
"Duvall, Adam","594807","2024",,,,,,,,,87,,,,,,68,72,71,,,
"McCoy, Mason","669200","2024",,,,,,,,,5,,,,,,19,84,,,,
"Flores, Wilmer","527038","2024",,,,,,,,,27,,,,,,3,1,,,,
"Trejo, Alan","676701","2024",,,,,,,,,8,,,,,,56,23,,,,
"Profar, Jurickson","595777","2024",92,92,70,54,98,65,43,80,64,71,88,89,90,90,68,26,8,45,69,48
"Taveras, Leody","665750","2024",24,34,28,27,25,37,28,49,62,24,52,49,40,46,91,81,86,39,42,29
"Blanco, Dairon","680118","2024",,,,,,,,,30,,,,,,24,97,,,,
"Stott, Bryson","681082","2024",39,67,23,15,69,16,10,14,58,10,82,64,90,50,43,91,52,7,87,72
"Pereda, Jhonny","640902","2024",,,,,,,,,20,,,,,,,2,,,,
"Rivas, Leo","660844","2024",,,,,,,,,7,,,,,,34,76,,,,
"Semien, Marcus","543760","2024",48,60,48,39,61,68,36,19,82,22,91,61,75,72,10,81,100,9,90,13
"Carter, Evan","694497","2024",,,,,,,,,43,,,,,,41,97,,,,
"Contreras, Willson","575929","2024",93,71,75,75,96,39,76,86,95,81,20,97,2,40,,43,,,,
"Fairchild, Stuart","656413","2024",,,,,,,,,70,,,,,,52,92,85,,,
"Albies, Ozzie","645277","2024",35,51,47,43,27,34,31,34,90,13,90,22,73,17,4,46,34,14,67,62
"Bader, Harrison","664056","2024",24,40,34,31,16,30,34,17,80,24,48,8,50,17,86,74,94,38,60,72
"Merrill, Jackson","701538","2024",94,98,96,92,78,90,78,70,79,68,78,8,73,14,90,81,97,56,50,29
"Dingler, Dillon","693307","2024",,,,,,,,,34,,,,,,,54,,,,
"Gelof, Zack","680869","2024",4,3,14,39,2,52,58,52,48,34,1,32,2,42,11,86,78,43,6,48
"Merrifield, Whit","593160","2024",,,,,,,,,13,,,,,,39,90,28,,,
"Lowe, Nathaniel","663993","2024",64,58,32,25,89,34,28,46,80,48,45,97,72,82,22,24,91,73,30,48
"Sanoja, Javier","691594","2024",,,,,,,,,17,,,,,,,85,,,,
"Keith, Colt","690993","2024",42,81,41,23,50,39,25,23,53,22,62,26,58,40,10,61,63,39,74,94
"Amador, Adael","691182","2024",,,,,,,,,9,,,,,,,20,,,,
"Correa, Carlos","621043","2024",89,87,74,65,92,42,62,70,91,71,80,82,74,70,78,34,87,,,
"Wisely, Brett","689172","2024",,,,,,,,,26,,,,,,44,62,90,,,
"Rodríguez, Julio","677594","2024",83,90,84,69,69,79,69,87,93,89,27,22,14,6,90,96,93,96,11,5
"India, Jonathan","663697","2024",86,78,55,40,96,60,49,17,70,28,64,97,81,98,9,68,70,45,53,62
"Zavala, Seby","664874","2024",,,,,,,,,20,,,,,,,18,,,,
"Kiner-Falefa, Isiah","643396","2024",14,60,15,8,16,3,2,7,34,9,84,2,94,38,14,61,85,5,97,91
"Haniger, Mitch","571745","2024",23,9,28,48,18,39,60,74,81,76,8,68,10,78,59,22,13,66,44,72
"Herrera, Jose","645444","2024",,,,,,,,,13,,,,,,,6,,,,
"Brooks, Trenton","670092","2024",,,,,,,,,10,,,,,,,5,,,,
"Haggerty, Sam","664059","2024",,,,,,,,,59,,,,,,,62,,,,
"Pérez, Wenceel","672761","2024",19,37,21,18,26,12,14,34,48,10,49,44,71,48,55,74,86,23,55,86
"Rodríguez, Johnathan","671286","2024",,,,,,,,,66,,,,,,,35,,,,
"Ramírez, José","608070","2024",66,71,80,76,54,86,57,52,98,45,98,49,93,27,28,74,83,43,81,48
"Grandal, Yasmani","518735","2024",,,,,,,,,35,,,,,,,1,,,,
"Rojas, Johan","679032","2024",1,18,1,1,3,2,4,5,66,6,68,3,62,10,92,100,93,,,
"Díaz, Aledmys","649557","2024",,,,,,,,,19,,,,,,,56,,,,
"Edwards, Xavier","669364","2024",,,,,,,,,8,,,,,,20,78,1,,,
"Turner, Justin","457759","2024",66,60,39,30,90,20,16,16,25,14,74,82,90,72,5,9,,1,77,99
"Frazier, Adam","624428","2024",,,,,,,,,22,,,,,,63,32,39,,,
"McCarthy, Jake","664983","2024",42,81,20,6,78,6,4,1,24,2,83,23,86,30,25,98,89,5,63,94
"Canario, Alexander","672744","2024",,,,,,,,,50,,,,,,,45,,,,
"France, Ty","664034","2024",31,18,39,51,25,48,44,43,73,48,50,36,53,60,4,6,1,34,42,18
"Polanco, Jorge","593871","2024",38,16,48,60,36,45,59,32,67,34,10,70,30,78,8,54,1,19,38,62
"Adames, Willy","642715","2024",76,37,82,86,62,91,81,40,84,52,28,80,21,51,75,50,64,77,14,2
"Schunk, Aaron","668845","2024",,,,,,,,,44,,,,,,43,70,,,,
"Drury, Brandon","592273","2024",1,4,1,4,7,3,10,21,90,25,42,44,50,62,13,18,31,,,
"Mayo, Coby","691723","2024",,,,,,,,,12,,,,,,,59,,,,
"Rojas, Miguel","500743","2024",,,,,,,,,48,,,,,,42,14,97,,,
"Velázquez, Nelson","676369","2024",,,,,,,,,72,,,,,,86,54,,,,
"Blackmon, Charlie","453568","2024",36,51,25,19,58,27,22,2,31,6,76,58,81,43,72,50,,6,39,72
"Rendon, Anthony","543685","2024",,,,,,,,,46,,,,,,34,35,30,,,
"Sabol, Blake","666165","2024",,,,,,,,,65,,,,,,,30,,,,
"Millas, Drew","686452","2024",,,,,,,,,19,,,,,,,76,,,,
"Vaughn, Andrew","683734","2024",48,37,68,72,18,77,63,70,83,67,50,20,66,21,6,24,3,31,79,18
"Martínez, J.P.","679881","2024",,,,,,,,,2,,,,,,,20,,,,
"Butler, Lawrence","671732","2024",76,64,85,83,47,65,75,80,87,83,36,47,37,57,61,58,36,83,41,72
"Wong, Connor","657136","2024",15,22,19,23,13,34,32,11,48,20,38,16,27,43,,79,,54,16,48
"Grisham, Trent","663757","2024",,,,,,,,,32,,,,,,50,37,,,,
"Mastrobuoni, Miles","670156","2024",,,,,,,,,31,,,,,,44,69,,,,
"McCormick, Chas","676801","2024",,,,,,,,,63,,,,,,51,85,89,,,
"Lee, Korey","686676","2024",1,6,10,22,1,27,46,32,60,37,6,6,1,11,,56,,42,5,62
"Jeffers, Ryan","680777","2024",34,16,39,53,26,48,54,13,91,17,59,32,55,14,,23,,66,17,29
"Gamel, Ben","592325","2024",,,,,,,,,65,,,,,,73,37,,,,
"García, Avisaíl","541645","2024",,,,,,,,,26,,,,,,,69,,,,
"Urías, Luis","649966","2024",,,,,,,,,24,,,,,,28,17,,,,
"Benintendi, Andrew","643217","2024",38,48,50,46,32,42,32,26,54,19,69,49,70,72,46,30,12,7,93,94
"Walker, Jordan","691023","2024",,,,,,,,,96,,,,,,97,78,,,,
"Grichuk, Randal","545341","2024",,,,,,,,,84,,,,,,60,54,,,,
"Luciano, Marco","682617","2024",,,,,,,,,36,,,,,,,53,,,,
"Nevin, Tyler","663527","2024",,,,,,,,,34,,,,,,70,24,9,,,
"Joe, Connor","656582","2024",6,4,2,12,23,12,17,4,53,14,46,78,43,90,84,37,42,,,
"Thaiss, Matt","642136","2024",,,,,,,,,57,,,,,,,5,,,,
"Marte, Noelvi","682622","2024",,,,,,,,,77,,,,,,68,86,1,,,
"Farmer, Kyle","571657","2024",,,,,,,,,43,,,,,,26,16,88,,,
"Siani, Michael","672279","2024",,,,,,,,,15,,,,,,66,76,99,,,
"Mateo, Jorge","622761","2024",,,,,,,,,50,,,,,,46,99,44,,,
"Moore, Dylan","664238","2024",23,2,6,25,57,37,58,34,48,26,15,94,47,99,11,68,66,68,11,72
"Pages, Andy","681624","2024",55,54,64,63,37,60,73,40,81,49,34,26,41,32,95,75,73,69,14,13
"Noda, Ryan","676116","2024",,,,,,,,,35,,,,,,1,41,,,,
"Volpe, Anthony","683011","2024",6,26,7,8,12,27,12,22,43,23,41,20,62,45,29,83,97,15,55,72
"Ozuna, Marcell","542303","2024",98,94,98,98,94,98,96,91,95,96,30,80,12,62,,13,,81,33,39
"Murphy, Sean","669221","2024",,,,,,,,,85,,,,,,,8,,,,
"Moniak, Mickey","666160","2024",12,11,34,49,3,47,63,28,86,19,18,10,15,3,40,84,74,69,8,13
"O'Neill, Tyler","641933","2024",74,7,91,97,44,81,98,77,87,90,2,87,5,65,82,55,17,90,3,18
"Schanuel, Nolan","694384","2024",52,64,18,10,88,16,9,7,20,4,78,87,96,91,10,24,13,2,92,97
"Cowser, Colton","681297","2024",66,24,73,86,46,83,90,73,90,77,7,64,16,74,96,75,95,80,26,86
"Alcántara, Kevin","682634","2024",,,,,,,,,25,,,,,,,92,,,,
"Bethancourt, Christian","542194","2024",,,,,,,,,71,,,,,,,53,,,,
"Thomas, Lane","657041","2024",39,37,35,34,47,45,45,44,72,51,25,55,57,87,95,93,3,45,61,91
"Wendzel, Davis","673995","2024",,,,,,,,,26,,,,,,,46,,,,
"McCann, James","543510","2024",,,,,,,,,65,,,,,,,6,,,,
"Gurriel Jr., Lourdes","666971","2024",56,81,64,49,44,52,37,34,66,48,70,12,75,22,63,29,82,26,59,29
"Carroll, Corbin","682998","2024",61,36,43,46,77,65,43,55,77,54,68,79,74,74,34,96,96,78,74,82
"Ruiz, Keibert","660688","2024",9,58,16,10,10,12,6,4,34,4,98,2,99,4,,5,,3,97,72
"McKenna, Ryan","663630","2024",,,,,,,,,38,,,,,,,72,,,,
"Adams, Jordyn","677941","2024",,,,,,,,,18,,,,,,,98,,,,
"Neto, Zach","687263","2024",47,27,56,65,34,65,55,38,76,42,39,26,35,29,74,73,9,34,54,72
"Taylor, Michael A.","572191","2024",,,,,,,,,80,,,,,,84,80,95,,,
"Jankowski, Travis","608671","2024",,,,,,,,,16,,,,,,57,79,,,,
"Kirk, Alejandro","672386","2024",62,64,46,35,72,30,37,56,86,54,95,62,92,50,,4,,,,
"Benson, Will","666181","2024",3,1,11,46,4,37,78,56,67,49,1,76,1,89,57,87,29,55,1,5
"Lopez, Nicky","670032","2024",4,21,1,1,25,1,1,3,23,1,88,55,79,54,39,42,89,1,95,94
"Wilson, Jacob","805779","2024",,,,,,,,,13,,,,,,82,44,,,,
"Alvarez, Yordan","670541","2024",99,97,99,99,98,97,92,95,99,93,88,82,77,34,34,19,,97,76,18
"Kennedy, Buddy","671083","2024",,,,,,,,,10,,,,,,,89,,,,
"Heim, Jonah","641680","2024",7,19,21,27,6,37,28,38,58,27,70,13,72,25,,8,,24,76,39
"Johnson, Bryce","669369","2024",,,,,,,,,10,,,,,,34,72,,,,
"Romo, Drew","691011","2024",,,,,,,,,6,,,,,,,37,,,,
"Palacios, Joshua","641943","2024",,,,,,,,,39,,,,,,,67,,,,
"Urías, Ramón","602104","2024",,,,,,,,,54,,,,,,23,36,2,,,
"Narváez, Omar","553882","2024",,,,,,,,,4,,,,,,,1,,,,
"Isbel, Kyle","664728","2024",9,25,6,8,16,10,12,28,55,26,56,23,80,31,43,65,94,28,70,72
"Myers, Dane","667472","2024",,,,,,,,,23,,,,,,97,81,,,,
"Ramos, Heliot","671218","2024",70,50,88,90,29,88,92,85,80,85,23,36,27,40,61,65,12,90,21,86
"McCann, Kyle","668832","2024",,,,,,,,,76,,,,,,,8,,,,
"Renfroe, Hunter","592669","2024",19,11,23,35,14,30,36,38,81,44,62,56,56,64,91,32,11,90,36,18
"Hernández, Teoscar","606192","2024",82,50,91,92,53,96,94,74,92,81,10,52,7,48,70,83,3,70,6,8
"Beck, Jordan","687597","2024",,,,,,,,,77,,,,,,77,84,,,,
"Walton, Donovan","622268","2024",,,,,,,,,7,,,,,,,14,,,,
"Sanó, Miguel","593934","2024",,,,,,,,,95,,,,,,,14,,,,
"Casas, Triston","671213","2024",,,,,,,,,81,,,,,,10,1,,,,
"Freeman, Freddie","518692","2024",94,88,86,74,95,77,60,56,84,61,84,94,75,61,13,15,70,20,69,91
"Clemens, Kody","665019","2024",,,,,,,,,39,,,,,,,61,,,,
"Rengifo, Luis","650859","2024",,,,,,,,,63,,,,,,50,37,6,,,
"Meneses, Joey","608841","2024",,,,,,,,,93,,,,,,7,11,,,,
"Espinal, Santiago","669289","2024",19,73,15,5,37,1,2,6,20,2,93,20,94,52,18,47,17,,,
"Gonzales, Nick","693304","2024",52,86,54,33,47,39,51,25,65,31,67,7,46,15,20,93,77,37,54,48
"Senzel, Nick","669222","2024",,,,,,,,,25,,,,,,42,49,13,,,
"Conine, Griffin","665052","2024",,,,,,,,,85,,,,,,96,54,,,,
"Barrosa, Jorge","678489","2024",,,,,,,,,10,,,,,,,69,,,,
"Soderstrom, Tyler","691016","2024",,,,,,,,,82,,,,,,17,40,,,,
"Hinds, Rece","677956","2024",,,,,,,,,85,,,,,,,92,,,,
"Andujar, Miguel","609280","2024",,,,,,,,,70,,,,,,96,29,,,,
"Meadows, Parker","678009","2024",,,,,,,,,60,,,,,,70,93,92,,,
"Bailey, Patrick","672275","2024",52,69,47,35,62,20,24,84,62,66,44,60,56,72,,8,,39,78,48
"Rogers, Jake","668670","2024",,,,,,,,,27,,,,,,,42,,,,
"Nuñez, Nasim","683083","2024",,,,,,,,,9,,,,,,94,95,,,,
"Bryant, Kris","592178","2024",,,,,,,,,30,,,,,,,13,,,,
"Bogaerts, Xander","593428","2024",35,75,32,18,36,24,21,28,76,16,76,20,84,68,15,51,88,28,91,62
"Canha, Mark","592192","2024",17,7,2,8,61,6,9,34,26,35,56,83,68,82,55,63,,11,83,62
"Montero, Elehuris","660707","2024",,,,,,,,,92,,,,,,21,21,,,,
"Pasquantino, Vinnie","686469","2024",70,80,71,65,58,58,42,78,83,80,96,38,96,32,2,12,78,45,94,39
"Smith, Josh","669701","2024",36,43,21,17,67,16,10,23,35,33,58,47,68,67,37,58,38,23,77,91
"Alvarez, Francisco","682626","2024",21,10,24,38,16,16,37,44,95,62,28,61,20,47,,14,,,,
"Goodman, Hunter","696100","2024",,,,,,,,,94,,,,,,80,68,,,,
"McGuire, Reese","624512","2024",,,,,,,,,20,,,,,,,11,,,,
"Alvarez Jr., Nacho","805373","2024",,,,,,,,,55,,,,,,,17,,,,
"Mitchell, Garrett","669003","2024",,,,,,,,,72,,,,,,83,95,,,,
"Sánchez, Gary","596142","2024",,,,,,,,,93,,,,,,,4,,,,
"Caratini, Victor","605170","2024",,,,,,,,,73,,,,,,,2,,,,
"Riley, Austin","663586","2024",93,81,94,94,75,84,94,96,94,96,28,49,33,52,35,66,18,90,47,29
"Marchán, Rafael","665561","2024",,,,,,,,,9,,,,,,,20,,,,
"Stallings, Jacob","607732","2024",,,,,,,,,29,,,,,,,1,,,,
"Shenton, Austin","668853","2024",,,,,,,,,10,,,,,,,7,,,,
"Barger, Addison","680718","2024",,,,,,,,,67,,,,,,99,68,,,,
"Crow-Armstrong, Pete","691718","2024",12,13,27,40,6,34,45,46,29,30,36,11,18,2,96,99,97,26,38,62
"Crawford, Brandon","543063","2024",,,,,,,,,39,,,,,,47,6,,,,
"Acuña, Luisangel","682668","2024",,,,,,,,,58,,,,,,,95,,,,
"Carpenter, Matt","572761","2024",,,,,,,,,23,,,,,,,4,,,,
"Smith, Pavin","656976","2024",,,,,,,,,82,,,,,,63,25,,,,
"Devers, Rafael","646240","2024",92,84,93,91,90,88,88,96,94,95,33,85,14,35,48,26,8,61,33,39
"Clement, Ernie","676391","2024",14,69,31,20,8,16,12,4,53,3,100,1,96,1,33,78,92,4,99,91
"Massey, Michael","686681","2024",45,71,60,54,18,30,42,52,60,31,84,6,86,6,12,34,85,32,88,62
"Carlson, Dylan","666185","2024",,,,,,,,,29,,,,,,63,49,4,,,
"Stevenson, Cal","670276","2024",,,,,,,,,9,,,,,,,52,,,,
"Donovan, Brendan","680977","2024",76,90,62,42,84,52,24,43,43,37,97,38,94,80,52,40,87,19,98,86
"Davis, Henry","680779","2024",,,,,,,,,77,,,,,,,61,,,,
"Horwitz, Spencer","687462","2024",74,58,60,58,88,34,51,29,36,28,69,83,79,69,6,7,76,17,70,82
"Nido, Tomás","621512","2024",,,,,,,,,39,,,,,,,4,,,,
"Stefanic, Michael","683021","2024",,,,,,,,,11,,,,,,13,12,,,,
"Young, Jacob","696285","2024",15,67,4,1,52,1,1,6,24,8,64,17,80,55,59,97,100,7,85,86
"Soto, Juan","665742","2024",100,99,99,99,100,99,99,98,97,99,79,100,68,98,48,36,17,94,93,48
"Perdomo, Geraldo","672695","2024",13,25,4,4,37,3,6,14,58,5,90,64,98,96,57,40,37,,,
"Clase, Jonatan","682729","2024",,,,,,,,,19,,,,,,,99,,,,
"Thomas, Alek","677950","2024",,,,,,,,,48,,,,,,55,62,,,,
"Hill, Derek","656537","2024",,,,,,,,,76,,,,,,79,95,,,,
"Ortiz, Joey","687401","2024",34,26,12,14,71,18,16,23,77,41,59,83,89,75,45,85,96,76,30,29
"Peterson, Jace","607054","2024",,,,,,,,,7,,,,,,,53,,,,
"Williams, Alika","675961","2024",,,,,,,,,41,,,,,,18,67,,,,
"Bruján, Vidal","660644","2024",,,,,,,,,14,,,,,,61,53,15,,,
"Guerrero Jr., Vladimir","665489","2024",98,100,98,95,99,98,91,98,99,97,93,76,68,56,78,45,2,95,74,13
"Vogelbach, Daniel","596129","2024",,,,,,,,,47,,,,,,,1,,,,
"Lewis, Royce","668904","2024",,,,,,,,,79,,,,,,40,28,73,,,
"Chapman, Matt","656305","2024",77,48,75,80,71,91,86,96,93,88,34,72,55,78,73,84,96,98,17,29
"Paredes, Isaac","670623","2024",36,13,13,22,78,30,15,3,30,6,81,93,88,62,31,16,44,7,44,4
"Call, Alex","669743","2024",,,,,,,,,34,,,,,,70,69,,,,
"De La Cruz, Bryan","650559","2024",31,40,61,67,9,74,63,59,65,58,18,7,16,22,88,52,5,50,39,13
"Torres, Gleyber","650402","2024",42,37,32,33,54,54,32,40,74,23,57,70,60,92,7,29,14,22,61,62
"Abreu, José","547989","2024",,,,,,,,,57,,,,,,,8,,,,
"Whitcomb, Shay","694376","2024",,,,,,,,,59,,,,,,,51,,,,
"Reyes, Pablo","622569","2024",,,,,,,,,35,,,,,,,48,,,,
"Kirilloff, Alex","666135","2024",,,,,,,,,27,,,,,,40,35,,,,
"Toro, Abraham","647351","2024",21,48,25,22,22,10,14,17,59,9,78,14,88,31,52,66,50,,,
"Ohtani, Shohei","660271","2024",99,99,100,100,99,100,100,100,100,100,44,85,19,61,,70,,96,73,13
"Lowe, Josh","666139","2024",21,18,40,54,14,42,70,76,52,77,4,55,11,20,63,79,30,73,4,62
"Yoshida, Masataka","807799","2024",59,71,50,37,72,24,24,26,73,36,97,26,95,72,,20,,,,
"Henderson, Gunnar","683002","2024",94,92,92,82,94,91,76,94,87,97,45,80,50,84,80,88,49,96,52,62
"Cabrera, Oswaldo","665828","2024",,,,,,,,,29,,,,,,26,51,80,,,
"Tovar, Ezequiel","678662","2024",15,25,51,58,2,79,60,44,66,46,10,2,8,1,50,71,99,39,12,29
"Short, Zack","670097","2024",,,,,,,,,46,,,,,,,35,,,,
"Muncy, Max","571970","2024",,,,,,,,,60,,,,,,43,38,64,,,
"Suzuki, Seiya","673548","2024",83,62,79,78,83,77,78,87,96,91,18,80,50,94,82,76,19,68,59,62
"Barnes, Austin","605131","2024",,,,,,,,,41,,,,,,,15,,,,
"Miranda, Jose","669304","2024",39,69,52,42,22,30,28,46,67,42,86,6,63,10,29,16,5,34,83,18
"Sheets, Gavin","657757","2024",42,56,34,26,56,30,27,23,60,22,52,58,59,23,79,30,5,64,24,18
"Leblanc, Charles","641779","2024",,,,,,,,,26,,,,,,,46,,,,
"Jackson, Alex","656577","2024",,,,,,,,,63,,,,,,,34,,,,
"Amaya, Miguel","665804","2024",27,57,27,19,34,12,17,34,76,18,76,23,63,17,,10,,,,
"Harris II, Michael","671739","2024",82,93,82,65,62,68,68,73,94,82,60,8,45,3,77,75,92,86,36,2
"Robles, Victor","645302","2024",,,,,,,,,58,,,,,,94,63,65,,,
"Caballero, José","676609","2024",3,8,3,10,6,18,21,1,59,4,17,16,26,12,35,75,91,19,10,82
"Castro, Willi","650489","2024",54,43,36,34,74,54,41,19,84,30,38,51,25,27,83,66,62,26,13,72
"Naylor, Josh","647304","2024",72,67,70,69,74,74,55,64,71,54,80,64,64,25,25,7,65,66,70,18
"Rocchio, Brayan","677587","2024",6,6,1,6,29,10,14,2,36,1,58,73,52,40,40,35,87,17,35,48
"Harper, Bryce","547180","2024",91,80,89,84,91,81,73,80,91,87,46,94,38,19,23,51,93,81,13,48
"Fletcher, Dominic","666150","2024",,,,,,,,,18,,,,,,80,25,78,,,
"Mervis, Matt","670223","2024",,,,,,,,,80,,,,,,,3,,,,
"Santander, Anthony","623993","2024",59,18,74,89,27,93,79,62,93,60,66,60,77,16,68,18,29,69,21,62
"Larnach, Trevor","663616","2024",78,60,76,77,75,48,69,90,88,73,44,73,31,69,36,22,,,,
"Jones, Nolan","666134","2024",,,,,,,,,81,,,,,,100,72,,,,
"Rortvedt, Ben","666163","2024",,,,,,,,,52,,,,,,,13,,,,
"Murphy, Tom","608596","2024",,,,,,,,,52,,,,,,,19,,,,
"Kelenic, Jarred","672284","2024",39,34,58,63,18,52,66,62,67,74,10,36,8,41,81,65,19,64,36,48
"Hoerner, Nico","663538","2024",46,94,17,2,86,1,1,5,62,7,99,32,99,27,8,78,96,7,92,72
"Saggese, Thomas","695336","2024",,,,,,,,,39,,,,,,14,64,,,,
"Jiménez, Eloy","650391","2024",27,45,32,30,20,30,50,90,84,90,60,23,40,21,,7,,,,
"Alvarez, Eddy","657193","2024",,,,,,,,,7,,,,,,,82,,,,
"Pederson, Joc","592626","2024",95,74,89,86,98,65,87,93,92,79,38,94,46,43,,12,,76,21,13
"Allen, Nick","669397","2024",,,,,,,,,13,,,,,,38,59,,,,
"Barnhart, Tucker","571466","2024",,,,,,,,,6,,,,,,,2,,,,
"Westburg, Jordan","676059","2024",88,90,92,84,64,72,80,80,74,77,48,8,22,35,31,91,13,34,70,91
"Singleton, Jon","572138","2024",42,19,36,47,53,37,59,43,96,34,18,91,16,88,2,16,5,,,
"Triolo, Jared","669707","2024",20,19,12,17,40,16,23,34,35,44,21,67,34,72,51,80,83,25,26,8
"McKinstry, Zach","656716","2024",,,,,,,,,36,,,,,,58,79,81,,,
"Slater, Austin","596103","2024",,,,,,,,,18,,,,,,66,74,,,,
"Cooper, Garrett","643265","2024",,,,,,,,,59,,,,,,,33,,,,
"Freeman, Tyler","671289","2024",34,31,11,12,72,3,6,22,50,21,93,40,91,46,92,74,16,,,
"Valdez, Enmanuel","665839","2024",,,,,,,,,70,,,,,,6,21,3,,,
"Kiermaier, Kevin","595281","2024",,,,,,,,,20,,,,,,98,86,96,,,
"Hayes, Ke'Bryan","663647","2024",11,48,8,3,22,2,3,46,65,65,68,17,84,52,25,25,90,,,
"Olson, Matt","621566","2024",77,43,72,78,75,92,84,85,91,83,30,77,39,48,21,10,85,80,5,48
"Cronenworth, Jake","630105","2024",73,72,61,56,82,68,50,40,71,29,72,64,89,85,15,59,51,17,65,72
"Hurtubise, Jacob","674441","2024",,,,,,,,,5,,,,,,,39,,,,
"Abrams, CJ","682928","2024",48,45,52,51,50,54,40,29,60,52,50,28,48,11,59,81,1,56,49,29
"Arraez, Luis","650333","2024",62,99,50,5,85,6,1,9,39,1,100,3,100,11,12,30,1,1,100,100
"Noel, Jhonkensy","678877","2024",,,,,,,,,97,,,,,,76,70,,,,
"Duran, Jarren","680776","2024",74,84,73,67,69,87,63,76,91,68,48,40,47,51,75,96,95,77,31,18
"Vázquez, Christian","543877","2024",,,,,,,,,44,,,,,,,4,,,,
"Rosario, Eguy","666703","2024",,,,,,,,,32,,,,,,,57,,,,
"Lee, Brooks","686797","2024",,,,,,,,,30,,,,,,30,12,,,,
"Wendle, Joey","621563","2024",,,,,,,,,5,,,,,,,56,,,,
"Malloy, Justyn-Henry","669234","2024",,,,,,,,,34,,,,,,,29,,,,
"Vilade, Ryan","668723","2024",,,,,,,,,31,,,,,,,82,,,,
"d'Arnaud, Travis","518595","2024",58,27,70,79,29,39,71,64,58,55,23,36,9,57,,13,,,,
"Knizner, Andrew","668800","2024",,,,,,,,,25,,,,,,,5,,,,
"Bride, Jonah","681146","2024",,,,,,,,,20,,,,,,5,38,,,,
"Tromp, Chadwick","644433","2024",,,,,,,,,31,,,,,,,1,,,,
"Paris, Kyren","677347","2024",,,,,,,,,64,,,,,,39,89,,,,
"Colás, Oscar","693049","2024",,,,,,,,,50,,,,,,,29,,,,
"Ford, Mike","645801","2024",,,,,,,,,26,,,,,,,1,,,,
"Scott II, Victor","687363","2024",,,,,,,,,27,,,,,,51,99,,,,
"Tucker, Cole","657061","2024",,,,,,,,,15,,,,,,,67,,,,
"Báez, Javier","595879","2024",,,,,,,,,73,,,,,,80,55,38,,,
"Garver, Mitch","641598","2024",10,1,7,44,16,30,55,64,43,45,7,96,14,95,,17,,,,
"Taylor, Tyrone","621438","2024",29,51,42,37,23,20,42,18,67,22,39,14,65,23,90,90,81,,,
"Sánchez, Ali","645305","2024",,,,,,,,,16,,,,,,,5,,,,
"Rosario, Eddie","592696","2024",,,,,,,,,63,,,,,,52,47,,,,
"McCutchen, Andrew","457705","2024",56,11,56,72,54,72,81,38,58,31,26,88,26,100,,34,,64,31,18
"Lindor, Francisco","596019","2024",95,92,95,95,89,97,90,77,85,83,69,52,54,64,35,58,99,58,82,18
"Tauchman, Mike","643565","2024",64,31,38,40,88,20,45,49,64,55,60,98,63,88,43,45,,,,
"Carpenter, Kerry","681481","2024",,,,,,,,,55,,,,,,81,60,,,,
"Arenado, Nolan","571448","2024",24,64,18,11,44,18,6,9,31,12,92,32,88,39,44,9,95,28,74,1
"Jung, Jace","690291","2024",,,,,,,,,30,,,,,,,18,,,,
"Mountcastle, Ryan","663624","2024",70,87,73,62,46,60,58,76,89,74,42,13,45,4,1,57,80,90,15,29
"Peña, Jeremy","665161","2024",42,78,43,26,37,48,24,29,54,42,76,4,46,8,25,98,28,63,55,18
"Harris, Brett","695391","2024",,,,,,,,,27,,,,,,29,46,,,,
"DeJong, Paul","657557","2024",17,9,44,63,4,56,69,23,77,59,3,8,3,14,27,33,84,54,2,86
"Arozarena, Randy","668227","2024",52,8,29,49,74,60,54,70,82,68,23,88,20,77,32,71,10,64,42,39
"Fletcher, David","664058","2024",,,,,,,,,1,,,,,,,37,,,,
"Serven, Brian","661531","2024",,,,,,,,,16,,,,,,,19,,,,
"Walls, Taylor","670764","2024",,,,,,,,,12,,,,,,37,62,21,,,
"Ward, Taylor","621493","2024",80,51,79,82,69,93,88,77,53,63,32,68,44,94,72,33,86,20,86,72
"Foscue, Justin","679822","2024",,,,,,,,,29,,,,,,,32,,,,
"Gordon, Nick","624503","2024",,,,,,,,,34,,,,,,54,58,39,,,
"Tena, José","677588","2024",,,,,,,,,53,,,,,,74,71,,,,
"Soler, Jorge","624585","2024",84,43,78,83,84,83,86,73,96,70,32,92,26,61,52,36,,94,18,5
"Delay, Jason","641511","2024",,,,,,,,,13,,,,,,,14,,,,
"Candelario, Jeimer","600869","2024",11,12,26,40,7,47,53,13,38,20,32,17,24,13,24,50,2,11,49,8
"DeLoach, Zach","676113","2024",,,,,,,,,12,,,,,,,62,,,,
"Lipscomb, Trey","702358","2024",,,,,,,,,38,,,,,,86,52,27,,,
"Fermín, José","665877","2024",,,,,,,,,19,,,,,,,89,,,,
"Yorke, Nick","694377","2024",,,,,,,,,46,,,,,,,90,,,,
"Black, Tyler","672012","2024",,,,,,,,,8,,,,,,,32,,,,
"Ruiz, Esteury","665923","2024",,,,,,,,,58,,,,,,,95,,,,
"Arcia, Orlando","606115","2024",2,5,6,19,2,39,23,29,33,39,50,31,38,56,60,13,86,32,60,5
"Calhoun, Willie","641432","2024",,,,,,,,,55,,,,,,,2,,,,
"Campusano, Luis","669134","2024",,,,,,,,,70,,,,,,,6,,,,
"Reynolds, Bryan","668804","2024",85,85,84,74,82,83,66,64,79,75,42,54,22,37,75,67,1,43,66,91
"Gonzalez, Romy","663853","2024",,,,,,,,,84,,,,,,29,90,13,,,
"Hays, Austin","669720","2024",,,,,,,,,59,,,,,,86,41,,,,
"Bellinger, Cody","641355","2024",29,40,42,44,32,48,32,23,50,15,85,49,65,23,74,77,50,13,89,18
"Turang, Brice","668930","2024",27,76,12,2,64,8,3,14,33,9,78,52,97,48,23,94,90,2,83,100
"Melendez, MJ","669004","2024",50,31,65,69,29,45,55,80,86,74,28,47,21,48,93,64,9,66,15,13
"Cabbage, Trey","663550","2024",,,,,,,,,89,,,,,,92,65,,,,
"Outman, James","681546","2024",,,,,,,,,67,,,,,,81,87,,,,
"Bauers, Jake","641343","2024",29,3,37,68,29,27,70,56,62,65,2,88,24,95,7,46,,,,
"Rafaela, Ceddanne","678882","2024",4,21,25,34,1,56,46,12,38,31,22,1,9,1,94,87,34,22,12,29
"Kreidler, Ryan","668952","2024",,,,,,,,,20,,,,,,41,52,,,,
"Schwarber, Kyle","656941","2024",96,62,94,96,95,96,96,97,97,98,13,99,11,93,,15,,99,33,13
"Wilson, Weston","642215","2024",,,,,,,,,42,,,,,,,72,,,,
"Stubbs, Garrett","596117","2024",,,,,,,,,4,,,,,,,67,,,,
"Hoskins, Rhys","656555","2024",31,4,44,72,18,74,86,43,55,63,10,76,39,71,1,9,12,38,29,2
"Pinto, René","650907","2024",,,,,,,,,36,,,,,,,3,,,,
"Miller, Owen","680911","2024",,,,,,,,,14,,,,,,,82,,,,
"Robinson, Chuckie","642020","2024",,,,,,,,,27,,,,,,,11,,,,
"Palacios, Richie","680700","2024",,,,,,,,,41,,,,,,60,64,79,,,
"Dunn, Blake","694362","2024",,,,,,,,,17,,,,,,,94,,,,
"Kessinger, Grae","666197","2024",,,,,,,,,4,,,,,,,23,,,,
"Langford, Wyatt","694671","2024",64,62,66,60,69,68,63,59,81,67,57,64,60,86,68,98,82,84,47,82